2.887710510094065e-12 5.779196272344964e-09 2001.3073513233535
2.8018727504302204e-12 5.608342976066351e-09 2001.640857960164
2.7194341228948655e-12 5.444409547695651e-09 2002.0376672702853
2.6403617150029157e-12 5.287338802152594e-09 2002.505479498954
2.564584093108808e-12 5.136995820949448e-09 2003.0522043526923
2.492003039990312e-12 4.993191244744572e-09 2003.6858561633148
2.422502560689299e-12 4.855699124798928e-09 2004.4144446300556
2.355955721218491e-12 4.724270469272361e-09 2005.2458654991137
2.292229784316556e-12 4.598643417011944e-09 2006.1877951660335
2.2311900170923593e-12 4.478550790419625e-09 2007.247592590065
2.1727024695095823e-12 4.363725625090016e-09 2008.4322111876586
2.116635960039629e-12 4.253905146935577e-09 2009.7481226086381
2.0628634541099647e-12 4.148833564826978e-09 2011.2012535589847
2.0112629804515065e-12 4.04826396487387e-09 2012.7969361644987
1.9617181983430946e-12 3.9519595277930865e-09 2014.5398717975845
1.914118703467238e-12 3.859694240102342e-09 2016.4341078277355
1.868360140261592e-12 3.771253230331838e-09 2018.4830264061504
1.824344173141727e-12 3.686432830728832e-09 2020.6893441495624
1.7819783568646815e-12 3.6050404411433775e-09 2023.0551214360985
1.7411759368661853e-12 3.526894253408026e-09 2025.5817799525898
1.7018556030569621e-12 3.451822880357789e-09 2028.270127123267
1.663941214849097e-12 3.3796649227349187e-09 2031.120386089734
1.6273615107447386e-12 3.3102684988483933e-09 2034.1322299883425
1.5920498123772214e-12 3.243490755436558e-09 2037.3048193720983
1.5579437302310927e-12 3.179197373267991e-09 2040.636841740372
1.5249848762123645e-12 3.117262077265512e-09 2044.1265522632057
1.4931185866607065e-12 3.057566158084733e-09 2047.7718149117975
1.4622936581874144e-12 2.999998009915571e-09 2051.570143328268
1.4324620978055168e-12 2.9444526876435675e-09 2055.518740882826
1.4035788881276248e-12 2.890831485284736e-09 2059.6145394728096
1.3756017678931674e-12 2.8390415366981737e-09 2063.85423671443
1.3484910277101519e-12 2.7889954389114834e-09 2068.234331263906
1.3222093206267754e-12 2.7406108979086603e-09 2072.751156079819
1.2967214869607655e-12 2.6938103963848356e-09 2077.400909503354
1.2719943926901943e-12 2.6485208827335123e-09 2082.179684088107
1.2479967806336146e-12 2.6046734803736102e-09 2087.0834931570926
1.2246991336080186e-12 2.562203216425902e-09 2092.108295102272
1.2020735487409457e-12 2.52104876869576e-09 2097.2500154722743
1.1800936221209142e-12 2.48115222989974e-09 2102.504566917757
1.1587343429925444e-12 2.4424588880784074e-09 2107.867867082043
1.1379719967348927e-12 2.4049170221599567e-09 2113.335854537919
1.117784075900247e-12 2.3684777116733074e-09 2118.904502880639
1.0981491986333709e-12 2.3330946596515542e-09 2124.569833092856
1.0790470338359284e-12 2.2987240278137902e-09 2130.3279243000234
1.060458232486152e-12 2.2653242831632415e-09 2136.174923035286
1.0423643645686076e-12 2.2328560551906188e-09 2142.1070511314992
1.0247478611124037e-12 2.201282002922421e-09 2148.1206123551638
1.0075919608778688e-12 2.1705666911037412e-09 2154.2119978931014
9.908806612711948e-13 2.1406764748533266e-09 2160.3776907978663
9.745986731036165e-13 2.1115793921747933e-09 2166.6142694925425
9.587313788462748e-13 2.0832450637517882e-09 2172.918410429769
9.43264794063926e-13 2.0556445994962945e-09 2179.2868899938835
9.281855317402264e-13 2.0287505113583026e-09 2185.7165857289983
9.134807692344068e-13 2.0025366319414794e-09 2192.2044769697955
8.991382176339653e-13 1.976978038503545e-09 2198.747644945911
8.851460932906027e-13 1.9520509819517276e-09 2205.3432724250288
8.714930913471818e-13 1.9277328204731056e-09 2211.9886429543058
8.58168361082127e-13 1.904001957466917e-09 2218.6811397544675
8.451614829145358e-13 1.880837783471152e-09 2225.418244315975
8.32462446928537e-13 1.858220621799136e-09 2232.197534741955
8.200616327891398e-13 1.8361316776233138e-09 2239.016683878239
8.079497909342378e-13 1.8145529902634314e-09 2245.8734572667586
7.961180249385434e-13 1.7934673884546165e-09 2252.7657109548095
7.845577749552656e-13 1.7728584483878328e-09 2259.691389189176
7.732608021503368e-13 1.7527104543307822e-09 2266.6485220209333
7.622191740520863e-13 1.7330083616517346e-09 2273.6352228438027
7.514252507464982e-13 1.7137377620820017e-09 2280.649685886255
7.408716718547191e-13 1.6948848510650111e-09 2287.690183675114
7.305513442353201e-13 1.676436397051204e-09 2294.7550644862026
7.204574303590543e-13 1.658379712608329e-09 2301.8427497955604
7.105833373085623e-13 1.6407026272262912e-09 2308.9517317429522
7.009227063597171e-13 1.6233934617045498e-09 2316.080570617748
6.914694031050653e-13 1.6064410040181343e-09 2323.2278923758013
6.822175080832666e-13 1.5898344865659088e-09 2330.392386194617
6.7316130788148e-13 1.5735635647116001e-09 2337.5728020729457
6.642952866804123e-13 1.5576182965344833e-09 2344.767948479879
6.556141182142295e-13 1.541989123712536e-09 2351.9766900576005
6.471126581197872e-13 1.526666853466306e-09 2359.1979453811027
6.387859366516319e-13 1.5116426414967469e-09 2366.4306847774824
6.306291517410846e-13 1.496907975854952e-09 2373.673928206752
6.226376623793557e-13 1.4824546616860003e-09 2380.9267432055567
6.148069823061364e-13 1.4682748067930841e-09 2388.1882428946988
6.071327739864865e-13 1.4543608079718059e-09 2395.457584050926
5.996108428600554e-13 1.4407053380678858e-09 2402.733965243079
5.922371318478128e-13 1.4273013337147188e-09 2410.0166250323737
5.850077161024754e-13 1.4141419837101023e-09 2417.304840236309
5.779187979897646e-13 1.4012207179941937e-09 2424.59792425546
5.709667022884686e-13 1.3885311971932433e-09 2431.8952254622336
5.641478715980767e-13 1.3760673026959859e-09 2439.196125650467
5.57458861943467e-13 1.3638231272317431e-09 2446.50003854464
5.508963385667815e-13 1.3517929659212799e-09 2453.806408367354
5.444570718972403e-13 1.3399713077733352e-09 2461.1147084636245
5.381379336901927e-13 1.328352827601473e-09 2468.424439980492
5.319358933272288e-13 1.3169323783375173e-09 2475.735130600381
5.258480142696456e-13 1.3057049837193217e-09 2483.046333326609
5.198714506580076e-13 1.2946658313320384e-09 2490.3576253194215
5.14003444050948e-13 1.2838102659833269e-09 2497.668606780922
5.082413202967403e-13 1.2731337833941735e-09 2504.9788998872527
5.025824865315218e-13 1.2626320241881032e-09 2512.288147766389
4.970244282983846e-13 1.2523007681626346e-09 2519.5960135199352
4.915647067818497e-13 1.2421359288277871e-09 2526.9021792873173
4.862009561525394e-13 1.2321335481973861e-09 2534.206345350789
4.809308810171209e-13 1.222289791819753e-09 2541.508229279708
4.757522539688532e-13 1.2126009440351667e-09 2548.8075651125637
4.706629132343039e-13 1.2030634034482327e-09 2556.10410257527
4.65660760412026e-13 1.1936736786039897e-09 2563.3976063342834
4.607437582991908e-13 1.1844283838572363e-09 2570.6878552831317
4.559099288023712e-13 1.1753242354251663e-09 2577.9746418609984
4.5115735092885936e-13 1.166358047613984e-09 2585.2577714020244
4.464841588550655e-13 1.1575267292106858e-09 2592.5370615140546
4.4188854006872443e-13 1.1488272800317134e-09 2599.8123414855763
4.3736873358177904e-13 1.1402567876206432e-09 2607.0834517196654
4.3292302821096475e-13 1.1318124240875176e-09 2614.350243193767
4.285497609232551e-13 1.1234914430828376e-09 2621.6125769442046
4.2424731524346254e-13 1.1152911768996266e-09 2628.8703235743405
4.2001411972140847e-13 1.1072090336973286e-09 2636.1233627853517
4.1584864645620106e-13 1.0992424948416552e-09 2643.371582928627
4.117494096752681e-13 1.0913891123548143e-09 2650.61488057883
4.0771496436589664e-13 1.0836465064708474e-09 2657.85316012671
4.037439049571388e-13 1.0760123632910974e-09 2665.086333390782
3.9983486405002964e-13 1.0684844325350814e-09 2672.3143192470243
3.9598651119416486e-13 1.0610605253823072e-09 2679.5370432757877
3.921975517087634e-13 1.0537385124007986e-09 2686.754437425147
3.884667255464285e-13 1.0465163215583172e-09 2693.96643968993
3.847928061978966e-13 1.0393919363124845e-09 2701.1729938057406
3.811745996361394e-13 1.0323633937761955e-09 2708.3740489572656
3.776109432982527e-13 1.0254287829549067e-09 2715.569559500241
3.741007051036409e-13 1.01858624305256e-09 2722.759484696429
3.7064278250705817e-13 1.0118339618430548e-09 2729.943788461027
3.67236101585143e-13 1.0051701741043539e-09 2737.1224391219257
3.638796161551285e-13 9.98593160112443e-10 2744.295409190287
3.6057230692447665e-13 9.92101244192509e-10 2751.462675141906
3.573131806702333e-13 9.856927933248328e-10 2758.624217208867
3.54101269446951e-13 9.793662158030103e-10 2765.780019181016
3.509356298220775e-13 9.73119959942241e-10 2772.9300682168055
3.478153421377546e-13 9.669525128355295e-10 2780.0743546630597
3.447395097980127e-13 9.608623991557481e-10 2787.2128718832655
3.4170725858039205e-13 9.548481800016136e-10 2794.345616093989
3.3871773597106135e-13 9.489084517857184e-10 2801.4725862090354
3.357701105225408e-13 9.430418451628474e-10 2808.593783690998
3.328635712331792e-13 9.372470239969063e-10 2815.709212409854
3.299973269475586e-13 9.31522684364837e-10 2822.818878508278
3.271706057770486e-13 9.258675535960132e-10 2829.9227902733674
3.243826545397518e-13 9.202803893456438e-10 2837.0209580144706
3.2163273821912033e-13 9.147599787007976e-10 2844.1133939468396
3.189201394405464e-13 9.093051373177267e-10 2851.200112080852
3.1624415796526815e-13 9.039147085892215e-10 2858.281128116507
3.136041102009444e-13 8.985875628407886e-10 2865.3564593429955
3.1099932872829094e-13 8.933225965545005e-10 2872.4261245430685
3.0842916184318977e-13 8.881187316194224e-10 2879.4901439020086
3.05892973113703e-13 8.829749146075528e-10 2886.548538920976
3.0339014095145464e-13 8.778901160742896e-10 2893.6013323345287
3.009200581968547e-13 8.728633298824503e-10 2900.6485480321285
2.9848213171766913e-13 8.678935725489357e-10 2907.690210983438
2.960757820204537e-13 8.629798826131616e-10 2914.7263471672422
2.9370044287439116e-13 8.581213200264168e-10 2921.756983503819
2.913555609470881e-13 8.533169655613476e-10 2928.7821477905995
2.890405954519057e-13 8.485659202408051e-10 2935.801868640976
2.8675501780641667e-13 8.438673047853175e-10 2942.816175426083
2.844983113015913e-13 8.392202590784866e-10 2949.8250982194586
2.8226997078133975e-13 8.3462394164964e-10 2956.8286677444016
2.800695023320419e-13 8.30077529173087e-10 2963.8269153239407
2.7789642298171966e-13 8.255802159833726e-10 2970.819872833268
2.7575026040851276e-13 8.2113121360593e-10 2977.8075726545376
2.736305526581355e-13 8.167297503025692e-10 2984.7900476339096
2.715368478700056e-13 8.123750706312623e-10 2991.767331040741
2.6946870401174274e-13 8.080664350197001e-10 2998.739456528824
2.6742568862175176e-13 8.03803119352125e-10 3005.706458099574
2.654073785596131e-13 7.995844145689635e-10 3012.66837006707
2.6341335976401223e-13 7.954096262787934e-10 3019.625227024886
2.614432270179564e-13 7.912780743822178e-10 3026.5770638145896
2.5949658372102426e-13 7.871890927072057e-10 3033.523915495879
2.5757304166841995e-13 7.831420286555161e-10 3040.4658173182343
2.556722208365949e-13 7.791362428597963e-10 3047.402804694052
2.5379374917522193e-13 7.751711088509946e-10 3054.3349131731693
2.5193726240530834e-13 7.71246012735722e-10 3061.2621784187168
2.50102403823242e-13 7.673603528832217e-10 3068.1846361842563
2.482888241105767e-13 7.635135396216126e-10 3075.102322292114
2.4649618114936364e-13 7.597049949430905e-10 3082.0152726128827
2.4472413984285045e-13 7.559341522177836e-10 3088.9235230460163
2.4297237194136744e-13 7.522004559159605e-10 3095.8271095014734
2.4124055587323454e-13 7.485033613383185e-10 3102.7260678823714
2.395283765805245e-13 7.448423343540736e-10 3109.620434068583
2.3783552535952323e-13 7.412168511465908e-10 3116.5102439012544
2.361616997057388e-13 7.376263979663087e-10 3123.3955331681755
2.3450660316330803e-13 7.340704708907098e-10 3130.276337589993
2.32869945178663e-13 7.305485755911075e-10 3137.152692807199
2.312514409583205e-13 7.27060227106027e-10 3144.024634367872
2.2965081133066055e-13 7.236049496209591e-10 3150.892197716137
2.2806778261157103e-13 7.201822762542855e-10 3157.75541818131
2.2650208647383172e-13 7.167917488491685e-10 3164.61433096768
2.2495345982012472e-13 7.134329177712217e-10 3171.4689711449228
2.2342164465955234e-13 7.101053417117651e-10 3178.3193736390963
2.2190638798755577e-13 7.068085874964952e-10 3185.1655732242016
2.2040744166912754e-13 7.035422298993916e-10 3192.007604514275
2.1892456232521445e-13 7.003058514616974e-10 3198.845501955996
2.1745751122221405e-13 6.970990423158125e-10 3205.6792998217734
2.1600605416446624e-13 6.939214000139425e-10 3212.5090322032975
2.145699613896507e-13 6.907725293613591e-10 3219.334733005535
2.1314900746699928e-13 6.87652042254124e-10 3226.1564359411313
2.1174297119823788e-13 6.845595575211425e-10 3232.9741745252295
2.103516355211743e-13 6.814947007704062e-10 3239.7879820706503
2.0897478741585275e-13 6.784571042393041e-10 3246.597891683447
2.076122178131956e-13 6.754464066488694e-10 3253.4039362587973
2.0626372150606015e-13 6.724622530618504e-10 3260.2061484772203
2.0492909706263431e-13 6.695042947444803e-10 3267.0045608011133
2.0360814674210498e-13 6.665721890318426e-10 3273.7992054715723
2.02300676412528e-13 6.636655991967163e-10 3280.590114505505
2.0100649547083727e-13 6.607841943218043e-10 3287.3773196930006
1.9972541676492655e-13 6.579276491752346e-10 3294.1608525949623
1.9845725651774598e-13 6.550956440892483e-10 3300.940744540978
1.972018342533515e-13 6.522878648419678e-10 3307.7170266274134
1.9595897272485093e-13 6.495040025421651e-10 3314.4897297157395
1.947284978441923e-13 6.467437535169351e-10 3321.2588844310444
1.935102386137388e-13 6.440068192021926e-10 3328.0245211607607
1.923040270595796e-13 6.412929060359079e-10 3334.786670053574
1.911096981665275e-13 6.386017253540046e-10 3341.5453610184945
1.8992708981475215e-13 6.35932993288841e-10 3348.300623724117
1.8875604271800445e-13 6.332864306701999e-10 3355.0524875980254
1.8759640036338487e-13 6.30661762928717e-10 3361.8009818263536
1.864480089526132e-13 6.280587200016769e-10 3368.546135353484
1.8531071734475525e-13 6.254770362411099e-10 3375.2879768818857
1.841843770003669e-13 6.22916450324124e-10 3382.0265348720814
1.830688419270149e-13 6.203767051654092e-10 3388.7618375427223
1.8196396862613484e-13 6.178575478318545e-10 3395.4939128708024
1.808696160411906e-13 6.153587294592143e-10 3402.2227885919474
1.797856455070972e-13 6.128800051707737e-10 3408.9484922008396
1.7871192070087336e-13 6.104211339979509e-10 3415.6710509517106
1.7764830759348802e-13 6.079818788027857e-10 3422.39049185894
1.765946744028694e-13 6.055620062022647e-10 3429.1068416977423
1.7555089154804355e-13 6.031612864944254e-10 3435.820127004917
1.745168316043717e-13 6.007794935862011e-10 3442.5303740796962
1.7349236925985659e-13 5.984164049229486e-10 3449.237608984644
1.7247738127248788e-13 5.960718014196216e-10 3455.941857546639
1.7147174642859931e-13 5.937454673935383e-10 3462.6431453579053
1.704753455022095e-13 5.914371904987069e-10 3469.3414977771163
1.694880612153201e-13 5.891467616616615e-10 3476.036939930541
1.6850977819914548e-13 5.868739750187714e-10 3482.7294967132502
1.6754038295624907e-13 5.846186278549839e-10 3489.4191927903685
1.6657976382356165e-13 5.82380520543961e-10 3496.1060525983703
1.6562781093625928e-13 5.801594564895771e-10 3502.7901003464176
1.64684416192476e-13 5.77955242068736e-10 3509.4713600177383
1.6374947321883165e-13 5.757676865754792e-10 3516.1498553710417
1.6282287733675065e-13 5.73596602166344e-10 3522.8256099419627
1.619045255295541e-13 5.714418038069494e-10 3529.4986470445397
1.6099431641030118e-13 5.693031092197656e-10 3536.1689897727274
1.6009215019036398e-13 5.671803388330472e-10 3542.836661001921
1.5919792864871383e-13 5.650733157308934e-10 3549.5016833905183
1.5831155510190204e-13 5.62981865604409e-10 3556.1640793814995
1.5743293437471704e-13 5.609058167039378e-10 3562.82387120402
1.5656197277150005e-13 5.588449997923419e-10 3569.481080875036
1.5569857804810214e-13 5.567992480992964e-10 3576.135730200931
1.5484265938446744e-13 5.547683972765796e-10 3582.787840779164
1.5399412735782514e-13 5.527522853543312e-10 3589.437433999936
1.5315289391647508e-13 5.507507526982492e-10 3596.0845310478553
1.5231887235415283e-13 5.487636419677124e-10 3602.7291529036247
1.5149197728495863e-13 5.467907980747962e-10 3609.3713203457282
1.5067212461883573e-13 5.448320681441632e-10 3616.011053952132
1.4985923153758525e-13 5.42887301473807e-10 3622.6483741019906
1.4905321647140402e-13 5.409563494966281e-10 3629.283300977346
1.4825399907593107e-13 5.390390657428209e-10 3635.9158545648534
1.474615002097918e-13 5.371353058030513e-10 3642.546054657487
1.4667564191262668e-13 5.352449272924082e-10 3649.1739208562567
1.4589634738359155e-13 5.333677898151061e-10 3655.799472571937
1.4512354096032048e-13 5.315037549299245e-10 3662.4227290267654
1.4435714809833656e-13 5.296526861163641e-10 3669.043709256177
1.435970953509025e-13 5.278144487415022e-10 3675.6624321105037
1.4284331034929811e-13 5.259889100275329e-10 3682.2789162566996
1.4209572178351614e-13 5.241759390199719e-10 3688.893180180032
1.413542593833644e-13 5.223754065565148e-10 3695.505242185802
1.4061885389996593e-13 5.205871852365285e-10 3702.1151204010393
1.3988943708764749e-13 5.188111493911658e-10 3708.7228327761836
1.3916594168620475e-13 5.170471750540812e-10 3715.328397086793
1.3844830140353941e-13 5.152951399327447e-10 3721.9318309352057
1.377364508986544e-13 5.135549233803264e-10 3728.5331517522313
1.3703032576500316e-13 5.118264063681508e-10 3735.132376798805
1.3632986251418118e-13 5.10109471458699e-10 3741.7295231676544
1.3563499855995343e-13 5.084040027791497e-10 3748.32460778495
1.3494567220260984e-13 5.067098859954465e-10 3754.9176474119395
1.3426182261363982e-13 5.050270082868789e-10 3761.508658646592
1.3358338982071951e-13 5.033552583211639e-10 3768.0976579252133
1.329103146930041e-13 5.016945262300194e-10 3774.6846615240665
1.3224253892671826e-13 5.000447035852161e-10 3781.2696855609684
1.315800050310367e-13 4.98405683375097e-10 3787.852745996891
1.3092265631425014e-13 4.967773599815561e-10 3794.433858637536
1.3027043687020797e-13 4.951596291574622e-10 3801.0130391349144
1.2962329156503254e-13 4.935523880045218e-10 3807.590302988908
1.2898116602409855e-13 4.919555349515678e-10 3814.165665548813
1.283440066192713e-13 4.90368969733267e-10 3820.7391420148824
1.2771176045639766e-13 4.887925933692351e-10 3827.3107474398557
1.2708437536304512e-13 4.872263081435527e-10 3833.880496730468
1.2646179987648137e-13 4.85670017584669e-10 3840.448404648961
1.2584398323189092e-13 4.841236264456897e-10 3847.014485814566
1.2523087535082203e-13 4.82587040685037e-10 3853.578754704993
1.2462242682985982e-13 4.810601674474761e-10 3860.1412256578924
1.240185889295193e-13 4.795429150454966e-10 3866.701912872307
1.234193135633546e-13 4.780351929410457e-10 3873.2608304101186
1.2282455328727849e-13 4.765369117276014e-10 3879.8179921974815
1.2223426128908853e-13 4.750479831125812e-10 3886.3734120262343
1.2164839137819442e-13 4.735683199000766e-10 3892.927103555305
2.887710510094065e-12 5.779196272344964e-09 2001.3073513233535
2.8018727504302204e-12 5.608342976066351e-09 2001.640857960164
2.7194341228948655e-12 5.444409547695651e-09 2002.0376672702853
2.6403617150029157e-12 5.287338802152594e-09 2002.505479498954
2.564584093108808e-12 5.136995820949448e-09 2003.0522043526923
2.492003039990312e-12 4.993191244744572e-09 2003.6858561633148
2.422502560689299e-12 4.855699124798928e-09 2004.4144446300556
2.355955721218491e-12 4.724270469272361e-09 2005.2458654991137
2.292229784316556e-12 4.598643417011944e-09 2006.1877951660335
2.2311900170923593e-12 4.478550790419625e-09 2007.247592590065
2.1727024695095823e-12 4.363725625090016e-09 2008.4322111876586
2.116635960039629e-12 4.253905146935577e-09 2009.7481226086381
2.0628634541099647e-12 4.148833564826978e-09 2011.2012535589847
2.0112629804515065e-12 4.04826396487387e-09 2012.7969361644987
1.9617181983430946e-12 3.9519595277930865e-09 2014.5398717975845
1.914118703467238e-12 3.859694240102342e-09 2016.4341078277355
1.868360140261592e-12 3.771253230331838e-09 2018.4830264061504
1.824344173141727e-12 3.686432830728832e-09 2020.6893441495624
1.7819783568646815e-12 3.6050404411433775e-09 2023.0551214360985
1.7411759368661853e-12 3.526894253408026e-09 2025.5817799525898
1.7018556030569621e-12 3.451822880357789e-09 2028.270127123267
1.663941214849097e-12 3.3796649227349187e-09 2031.120386089734
1.6273615107447386e-12 3.3102684988483933e-09 2034.1322299883425
1.5920498123772214e-12 3.243490755436558e-09 2037.3048193720983
1.5579437302310927e-12 3.179197373267991e-09 2040.636841740372
1.5249848762123645e-12 3.117262077265512e-09 2044.1265522632057
1.4931185866607065e-12 3.057566158084733e-09 2047.7718149117975
1.4622936581874144e-12 2.999998009915571e-09 2051.570143328268
1.4324620978055168e-12 2.9444526876435675e-09 2055.518740882826
1.4035788881276248e-12 2.890831485284736e-09 2059.6145394728096
1.3756017678931674e-12 2.8390415366981737e-09 2063.85423671443
1.3484910277101519e-12 2.7889954389114834e-09 2068.234331263906
1.3222093206267754e-12 2.7406108979086603e-09 2072.751156079819
1.2967214869607655e-12 2.6938103963848356e-09 2077.400909503354
1.2719943926901943e-12 2.6485208827335123e-09 2082.179684088107
1.2479967806336146e-12 2.6046734803736102e-09 2087.0834931570926
1.2246991336080186e-12 2.562203216425902e-09 2092.108295102272
1.2020735487409457e-12 2.52104876869576e-09 2097.2500154722743
1.1800936221209142e-12 2.48115222989974e-09 2102.504566917757
1.1587343429925444e-12 2.4424588880784074e-09 2107.867867082043
1.1379719967348927e-12 2.4049170221599567e-09 2113.335854537919
1.117784075900247e-12 2.3684777116733074e-09 2118.904502880639
1.0981491986333709e-12 2.3330946596515542e-09 2124.569833092856
1.0790470338359284e-12 2.2987240278137902e-09 2130.3279243000234
1.060458232486152e-12 2.2653242831632415e-09 2136.174923035286
1.0423643645686076e-12 2.2328560551906188e-09 2142.1070511314992
1.0247478611124037e-12 2.201282002922421e-09 2148.1206123551638
1.0075919608778688e-12 2.1705666911037412e-09 2154.2119978931014
9.908806612711948e-13 2.1406764748533266e-09 2160.3776907978663
9.745986731036165e-13 2.1115793921747933e-09 2166.6142694925425
9.587313788462748e-13 2.0832450637517882e-09 2172.918410429769
9.43264794063926e-13 2.0556445994962945e-09 2179.2868899938835
9.281855317402264e-13 2.0287505113583026e-09 2185.7165857289983
9.134807692344068e-13 2.0025366319414794e-09 2192.2044769697955
8.991382176339653e-13 1.976978038503545e-09 2198.747644945911
8.851460932906027e-13 1.9520509819517276e-09 2205.3432724250288
8.714930913471818e-13 1.9277328204731056e-09 2211.9886429543058
8.58168361082127e-13 1.904001957466917e-09 2218.6811397544675
8.451614829145358e-13 1.880837783471152e-09 2225.418244315975
8.32462446928537e-13 1.858220621799136e-09 2232.197534741955
8.200616327891398e-13 1.8361316776233138e-09 2239.016683878239
8.079497909342378e-13 1.8145529902634314e-09 2245.8734572667586
7.961180249385434e-13 1.7934673884546165e-09 2252.7657109548095
7.845577749552656e-13 1.7728584483878328e-09 2259.691389189176
7.732608021503368e-13 1.7527104543307822e-09 2266.6485220209333
7.622191740520863e-13 1.7330083616517346e-09 2273.6352228438027
7.514252507464982e-13 1.7137377620820017e-09 2280.649685886255
7.408716718547191e-13 1.6948848510650111e-09 2287.690183675114
7.305513442353201e-13 1.676436397051204e-09 2294.7550644862026
7.204574303590543e-13 1.658379712608329e-09 2301.8427497955604
7.105833373085623e-13 1.6407026272262912e-09 2308.9517317429522
7.009227063597171e-13 1.6233934617045498e-09 2316.080570617748
6.914694031050653e-13 1.6064410040181343e-09 2323.2278923758013
6.822175080832666e-13 1.5898344865659088e-09 2330.392386194617
6.7316130788148e-13 1.5735635647116001e-09 2337.5728020729457
6.642952866804123e-13 1.5576182965344833e-09 2344.767948479879
6.556141182142295e-13 1.541989123712536e-09 2351.9766900576005
6.471126581197872e-13 1.526666853466306e-09 2359.1979453811027
6.387859366516319e-13 1.5116426414967469e-09 2366.4306847774824
6.306291517410846e-13 1.496907975854952e-09 2373.673928206752
6.226376623793557e-13 1.4824546616860003e-09 2380.9267432055567
6.148069823061364e-13 1.4682748067930841e-09 2388.1882428946988
6.071327739864865e-13 1.4543608079718059e-09 2395.457584050926
5.996108428600554e-13 1.4407053380678858e-09 2402.733965243079
5.922371318478128e-13 1.4273013337147188e-09 2410.0166250323737
5.850077161024754e-13 1.4141419837101023e-09 2417.304840236309
5.779187979897646e-13 1.4012207179941937e-09 2424.59792425546
5.709667022884686e-13 1.3885311971932433e-09 2431.8952254622336
5.641478715980767e-13 1.3760673026959859e-09 2439.196125650467
5.57458861943467e-13 1.3638231272317431e-09 2446.50003854464
5.508963385667815e-13 1.3517929659212799e-09 2453.806408367354
5.444570718972403e-13 1.3399713077733352e-09 2461.1147084636245
5.381379336901927e-13 1.328352827601473e-09 2468.424439980492
5.319358933272288e-13 1.3169323783375173e-09 2475.735130600381
5.258480142696456e-13 1.3057049837193217e-09 2483.046333326609
5.198714506580076e-13 1.2946658313320384e-09 2490.3576253194215
5.14003444050948e-13 1.2838102659833269e-09 2497.668606780922
5.082413202967403e-13 1.2731337833941735e-09 2504.9788998872527
5.025824865315218e-13 1.2626320241881032e-09 2512.288147766389
4.970244282983846e-13 1.2523007681626346e-09 2519.5960135199352
4.915647067818497e-13 1.2421359288277871e-09 2526.9021792873173
4.862009561525394e-13 1.2321335481973861e-09 2534.206345350789
4.809308810171209e-13 1.222289791819753e-09 2541.508229279708
4.757522539688532e-13 1.2126009440351667e-09 2548.8075651125637
4.706629132343039e-13 1.2030634034482327e-09 2556.10410257527
4.65660760412026e-13 1.1936736786039897e-09 2563.3976063342834
4.607437582991908e-13 1.1844283838572363e-09 2570.6878552831317
4.559099288023712e-13 1.1753242354251663e-09 2577.9746418609984
4.5115735092885936e-13 1.166358047613984e-09 2585.2577714020244
4.464841588550655e-13 1.1575267292106858e-09 2592.5370615140546
4.4188854006872443e-13 1.1488272800317134e-09 2599.8123414855763
4.3736873358177904e-13 1.1402567876206432e-09 2607.0834517196654
4.3292302821096475e-13 1.1318124240875176e-09 2614.350243193767
4.285497609232551e-13 1.1234914430828376e-09 2621.6125769442046
4.2424731524346254e-13 1.1152911768996266e-09 2628.8703235743405
4.2001411972140847e-13 1.1072090336973286e-09 2636.1233627853517
4.1584864645620106e-13 1.0992424948416552e-09 2643.371582928627
4.117494096752681e-13 1.0913891123548143e-09 2650.61488057883
4.0771496436589664e-13 1.0836465064708474e-09 2657.85316012671
4.037439049571388e-13 1.0760123632910974e-09 2665.086333390782
3.9983486405002964e-13 1.0684844325350814e-09 2672.3143192470243
3.9598651119416486e-13 1.0610605253823072e-09 2679.5370432757877
3.921975517087634e-13 1.0537385124007986e-09 2686.754437425147
3.884667255464285e-13 1.0465163215583172e-09 2693.96643968993
3.847928061978966e-13 1.0393919363124845e-09 2701.1729938057406
3.811745996361394e-13 1.0323633937761955e-09 2708.3740489572656
3.776109432982527e-13 1.0254287829549067e-09 2715.569559500241
3.741007051036409e-13 1.01858624305256e-09 2722.759484696429
3.7064278250705817e-13 1.0118339618430548e-09 2729.943788461027
3.67236101585143e-13 1.0051701741043539e-09 2737.1224391219257
3.638796161551285e-13 9.98593160112443e-10 2744.295409190287
3.6057230692447665e-13 9.92101244192509e-10 2751.462675141906
3.573131806702333e-13 9.856927933248328e-10 2758.624217208867
3.54101269446951e-13 9.793662158030103e-10 2765.780019181016
3.509356298220775e-13 9.73119959942241e-10 2772.9300682168055
3.478153421377546e-13 9.669525128355295e-10 2780.0743546630597
3.447395097980127e-13 9.608623991557481e-10 2787.2128718832655
3.4170725858039205e-13 9.548481800016136e-10 2794.345616093989
3.3871773597106135e-13 9.489084517857184e-10 2801.4725862090354
3.357701105225408e-13 9.430418451628474e-10 2808.593783690998
3.328635712331792e-13 9.372470239969063e-10 2815.709212409854
3.299973269475586e-13 9.31522684364837e-10 2822.818878508278
3.271706057770486e-13 9.258675535960132e-10 2829.9227902733674
3.243826545397518e-13 9.202803893456438e-10 2837.0209580144706
3.2163273821912033e-13 9.147599787007976e-10 2844.1133939468396
3.189201394405464e-13 9.093051373177267e-10 2851.200112080852
3.1624415796526815e-13 9.039147085892215e-10 2858.281128116507
3.136041102009444e-13 8.985875628407886e-10 2865.3564593429955
3.1099932872829094e-13 8.933225965545005e-10 2872.4261245430685
3.0842916184318977e-13 8.881187316194224e-10 2879.4901439020086
3.05892973113703e-13 8.829749146075528e-10 2886.548538920976
3.0339014095145464e-13 8.778901160742896e-10 2893.6013323345287
3.009200581968547e-13 8.728633298824503e-10 2900.6485480321285
2.9848213171766913e-13 8.678935725489357e-10 2907.690210983438
2.960757820204537e-13 8.629798826131616e-10 2914.7263471672422
2.9370044287439116e-13 8.581213200264168e-10 2921.756983503819
2.913555609470881e-13 8.533169655613476e-10 2928.7821477905995
2.890405954519057e-13 8.485659202408051e-10 2935.801868640976
2.8675501780641667e-13 8.438673047853175e-10 2942.816175426083
2.844983113015913e-13 8.392202590784866e-10 2949.8250982194586
2.8226997078133975e-13 8.3462394164964e-10 2956.8286677444016
2.800695023320419e-13 8.30077529173087e-10 2963.8269153239407
2.7789642298171966e-13 8.255802159833726e-10 2970.819872833268
2.7575026040851276e-13 8.2113121360593e-10 2977.8075726545376
2.736305526581355e-13 8.167297503025692e-10 2984.7900476339096
2.715368478700056e-13 8.123750706312623e-10 2991.767331040741
2.6946870401174274e-13 8.080664350197001e-10 2998.739456528824
2.6742568862175176e-13 8.03803119352125e-10 3005.706458099574
2.654073785596131e-13 7.995844145689635e-10 3012.66837006707
2.6341335976401223e-13 7.954096262787934e-10 3019.625227024886
2.614432270179564e-13 7.912780743822178e-10 3026.5770638145896
2.5949658372102426e-13 7.871890927072057e-10 3033.523915495879
2.5757304166841995e-13 7.831420286555161e-10 3040.4658173182343
2.556722208365949e-13 7.791362428597963e-10 3047.402804694052
2.5379374917522193e-13 7.751711088509946e-10 3054.3349131731693
2.5193726240530834e-13 7.71246012735722e-10 3061.2621784187168
2.50102403823242e-13 7.673603528832217e-10 3068.1846361842563
2.482888241105767e-13 7.635135396216126e-10 3075.102322292114
2.4649618114936364e-13 7.597049949430905e-10 3082.0152726128827
2.4472413984285045e-13 7.559341522177836e-10 3088.9235230460163
2.4297237194136744e-13 7.522004559159605e-10 3095.8271095014734
2.4124055587323454e-13 7.485033613383185e-10 3102.7260678823714
2.395283765805245e-13 7.448423343540736e-10 3109.620434068583
2.3783552535952323e-13 7.412168511465908e-10 3116.5102439012544
2.361616997057388e-13 7.376263979663087e-10 3123.3955331681755
2.3450660316330803e-13 7.340704708907098e-10 3130.276337589993
2.32869945178663e-13 7.305485755911075e-10 3137.152692807199
2.312514409583205e-13 7.27060227106027e-10 3144.024634367872
2.2965081133066055e-13 7.236049496209591e-10 3150.892197716137
2.2806778261157103e-13 7.201822762542855e-10 3157.75541818131
2.2650208647383172e-13 7.167917488491685e-10 3164.61433096768
2.2495345982012472e-13 7.134329177712217e-10 3171.4689711449228
2.2342164465955234e-13 7.101053417117651e-10 3178.3193736390963
2.2190638798755577e-13 7.068085874964952e-10 3185.1655732242016
2.2040744166912754e-13 7.035422298993916e-10 3192.007604514275
2.1892456232521445e-13 7.003058514616974e-10 3198.845501955996
2.1745751122221405e-13 6.970990423158125e-10 3205.6792998217734
2.1600605416446624e-13 6.939214000139425e-10 3212.5090322032975
2.145699613896507e-13 6.907725293613591e-10 3219.334733005535
2.1314900746699928e-13 6.87652042254124e-10 3226.1564359411313
2.1174297119823788e-13 6.845595575211425e-10 3232.9741745252295
2.103516355211743e-13 6.814947007704062e-10 3239.7879820706503
2.0897478741585275e-13 6.784571042393041e-10 3246.597891683447
2.076122178131956e-13 6.754464066488694e-10 3253.4039362587973
2.0626372150606015e-13 6.724622530618504e-10 3260.2061484772203
2.0492909706263431e-13 6.695042947444803e-10 3267.0045608011133
2.0360814674210498e-13 6.665721890318426e-10 3273.7992054715723
2.02300676412528e-13 6.636655991967163e-10 3280.590114505505
2.0100649547083727e-13 6.607841943218043e-10 3287.3773196930006
1.9972541676492655e-13 6.579276491752346e-10 3294.1608525949623
1.9845725651774598e-13 6.550956440892483e-10 3300.940744540978
1.972018342533515e-13 6.522878648419678e-10 3307.7170266274134
1.9595897272485093e-13 6.495040025421651e-10 3314.4897297157395
1.947284978441923e-13 6.467437535169351e-10 3321.2588844310444
1.935102386137388e-13 6.440068192021926e-10 3328.0245211607607
1.923040270595796e-13 6.412929060359079e-10 3334.786670053574
1.911096981665275e-13 6.386017253540046e-10 3341.5453610184945
1.8992708981475215e-13 6.35932993288841e-10 3348.300623724117
1.8875604271800445e-13 6.332864306701999e-10 3355.0524875980254
1.8759640036338487e-13 6.30661762928717e-10 3361.8009818263536
1.864480089526132e-13 6.280587200016769e-10 3368.546135353484
1.8531071734475525e-13 6.254770362411099e-10 3375.2879768818857
1.841843770003669e-13 6.22916450324124e-10 3382.0265348720814
1.830688419270149e-13 6.203767051654092e-10 3388.7618375427223
1.8196396862613484e-13 6.178575478318545e-10 3395.4939128708024
1.808696160411906e-13 6.153587294592143e-10 3402.2227885919474
1.797856455070972e-13 6.128800051707737e-10 3408.9484922008396
1.7871192070087336e-13 6.104211339979509e-10 3415.6710509517106
1.7764830759348802e-13 6.079818788027857e-10 3422.39049185894
1.765946744028694e-13 6.055620062022647e-10 3429.1068416977423
1.7555089154804355e-13 6.031612864944254e-10 3435.820127004917
1.745168316043717e-13 6.007794935862011e-10 3442.5303740796962
1.7349236925985659e-13 5.984164049229486e-10 3449.237608984644
1.7247738127248788e-13 5.960718014196216e-10 3455.941857546639
1.7147174642859931e-13 5.937454673935383e-10 3462.6431453579053
1.704753455022095e-13 5.914371904987069e-10 3469.3414977771163
1.694880612153201e-13 5.891467616616615e-10 3476.036939930541
1.6850977819914548e-13 5.868739750187714e-10 3482.7294967132502
1.6754038295624907e-13 5.846186278549839e-10 3489.4191927903685
1.6657976382356165e-13 5.82380520543961e-10 3496.1060525983703
1.6562781093625928e-13 5.801594564895771e-10 3502.7901003464176
1.64684416192476e-13 5.77955242068736e-10 3509.4713600177383
1.6374947321883165e-13 5.757676865754792e-10 3516.1498553710417
1.6282287733675065e-13 5.73596602166344e-10 3522.8256099419627
1.619045255295541e-13 5.714418038069494e-10 3529.4986470445397
1.6099431641030118e-13 5.693031092197656e-10 3536.1689897727274
1.6009215019036398e-13 5.671803388330472e-10 3542.836661001921
1.5919792864871383e-13 5.650733157308934e-10 3549.5016833905183
1.5831155510190204e-13 5.62981865604409e-10 3556.1640793814995
1.5743293437471704e-13 5.609058167039378e-10 3562.82387120402
1.5656197277150005e-13 5.588449997923419e-10 3569.481080875036
1.5569857804810214e-13 5.567992480992964e-10 3576.135730200931
1.5484265938446744e-13 5.547683972765796e-10 3582.787840779164
1.5399412735782514e-13 5.527522853543312e-10 3589.437433999936
1.5315289391647508e-13 5.507507526982492e-10 3596.0845310478553
1.5231887235415283e-13 5.487636419677124e-10 3602.7291529036247
1.5149197728495863e-13 5.467907980747962e-10 3609.3713203457282
1.5067212461883573e-13 5.448320681441632e-10 3616.011053952132
1.4985923153758525e-13 5.42887301473807e-10 3622.6483741019906
1.4905321647140402e-13 5.409563494966281e-10 3629.283300977346
1.4825399907593107e-13 5.390390657428209e-10 3635.9158545648534
1.474615002097918e-13 5.371353058030513e-10 3642.546054657487
1.4667564191262668e-13 5.352449272924082e-10 3649.1739208562567
1.4589634738359155e-13 5.333677898151061e-10 3655.799472571937
1.4512354096032048e-13 5.315037549299245e-10 3662.4227290267654
1.4435714809833656e-13 5.296526861163641e-10 3669.043709256177
1.435970953509025e-13 5.278144487415022e-10 3675.6624321105037
1.4284331034929811e-13 5.259889100275329e-10 3682.2789162566996
1.4209572178351614e-13 5.241759390199719e-10 3688.893180180032
1.413542593833644e-13 5.223754065565148e-10 3695.505242185802
1.4061885389996593e-13 5.205871852365285e-10 3702.1151204010393
1.3988943708764749e-13 5.188111493911658e-10 3708.7228327761836
1.3916594168620475e-13 5.170471750540812e-10 3715.328397086793
1.3844830140353941e-13 5.152951399327447e-10 3721.9318309352057
1.377364508986544e-13 5.135549233803264e-10 3728.5331517522313
1.3703032576500316e-13 5.118264063681508e-10 3735.132376798805
1.3632986251418118e-13 5.10109471458699e-10 3741.7295231676544
1.3563499855995343e-13 5.084040027791497e-10 3748.32460778495
1.3494567220260984e-13 5.067098859954465e-10 3754.9176474119395
1.3426182261363982e-13 5.050270082868789e-10 3761.508658646592
1.3358338982071951e-13 5.033552583211639e-10 3768.0976579252133
1.329103146930041e-13 5.016945262300194e-10 3774.6846615240665
1.3224253892671826e-13 5.000447035852161e-10 3781.2696855609684
1.315800050310367e-13 4.98405683375097e-10 3787.852745996891
1.3092265631425014e-13 4.967773599815561e-10 3794.433858637536
1.3027043687020797e-13 4.951596291574622e-10 3801.0130391349144
1.2962329156503254e-13 4.935523880045218e-10 3807.590302988908
1.2898116602409855e-13 4.919555349515678e-10 3814.165665548813
1.283440066192713e-13 4.90368969733267e-10 3820.7391420148824
1.2771176045639766e-13 4.887925933692351e-10 3827.3107474398557
1.2708437536304512e-13 4.872263081435527e-10 3833.880496730468
1.2646179987648137e-13 4.85670017584669e-10 3840.448404648961
1.2584398323189092e-13 4.841236264456897e-10 3847.014485814566
1.2523087535082203e-13 4.82587040685037e-10 3853.578754704993
1.2462242682985982e-13 4.810601674474761e-10 3860.1412256578924
1.240185889295193e-13 4.795429150454966e-10 3866.701912872307
1.234193135633546e-13 4.780351929410457e-10 3873.2608304101186
1.2282455328727849e-13 4.765369117276014e-10 3879.8179921974815
1.2223426128908853e-13 4.750479831125812e-10 3886.3734120262343
1.2164839137819442e-13 4.735683199000766e-10 3892.927103555305
2.887710510094065e-12 5.779196272344964e-09 2001.3073513233535
2.8018727504302204e-12 5.608342976066351e-09 2001.640857960164
2.7194341228948655e-12 5.444409547695651e-09 2002.0376672702853
2.6403617150029157e-12 5.287338802152594e-09 2002.505479498954
2.564584093108808e-12 5.136995820949448e-09 2003.0522043526923
2.492003039990312e-12 4.993191244744572e-09 2003.6858561633148
2.422502560689299e-12 4.855699124798928e-09 2004.4144446300556
2.355955721218491e-12 4.724270469272361e-09 2005.2458654991137
2.292229784316556e-12 4.598643417011944e-09 2006.1877951660335
2.2311900170923593e-12 4.478550790419625e-09 2007.247592590065
2.1727024695095823e-12 4.363725625090016e-09 2008.4322111876586
2.116635960039629e-12 4.253905146935577e-09 2009.7481226086381
2.0628634541099647e-12 4.148833564826978e-09 2011.2012535589847
2.0112629804515065e-12 4.04826396487387e-09 2012.7969361644987
1.9617181983430946e-12 3.9519595277930865e-09 2014.5398717975845
1.914118703467238e-12 3.859694240102342e-09 2016.4341078277355
1.868360140261592e-12 3.771253230331838e-09 2018.4830264061504
1.824344173141727e-12 3.686432830728832e-09 2020.6893441495624
1.7819783568646815e-12 3.6050404411433775e-09 2023.0551214360985
1.7411759368661853e-12 3.526894253408026e-09 2025.5817799525898
1.7018556030569621e-12 3.451822880357789e-09 2028.270127123267
1.663941214849097e-12 3.3796649227349187e-09 2031.120386089734
1.6273615107447386e-12 3.3102684988483933e-09 2034.1322299883425
1.5920498123772214e-12 3.243490755436558e-09 2037.3048193720983
1.5579437302310927e-12 3.179197373267991e-09 2040.636841740372
1.5249848762123645e-12 3.117262077265512e-09 2044.1265522632057
1.4931185866607065e-12 3.057566158084733e-09 2047.7718149117975
1.4622936581874144e-12 2.999998009915571e-09 2051.570143328268
1.4324620978055168e-12 2.9444526876435675e-09 2055.518740882826
1.4035788881276248e-12 2.890831485284736e-09 2059.6145394728096
1.3756017678931674e-12 2.8390415366981737e-09 2063.85423671443
1.3484910277101519e-12 2.7889954389114834e-09 2068.234331263906
1.3222093206267754e-12 2.7406108979086603e-09 2072.751156079819
1.2967214869607655e-12 2.6938103963848356e-09 2077.400909503354
1.2719943926901943e-12 2.6485208827335123e-09 2082.179684088107
1.2479967806336146e-12 2.6046734803736102e-09 2087.0834931570926
1.2246991336080186e-12 2.562203216425902e-09 2092.108295102272
1.2020735487409457e-12 2.52104876869576e-09 2097.2500154722743
1.1800936221209142e-12 2.48115222989974e-09 2102.504566917757
1.1587343429925444e-12 2.4424588880784074e-09 2107.867867082043
1.1379719967348927e-12 2.4049170221599567e-09 2113.335854537919
1.117784075900247e-12 2.3684777116733074e-09 2118.904502880639
1.0981491986333709e-12 2.3330946596515542e-09 2124.569833092856
1.0790470338359284e-12 2.2987240278137902e-09 2130.3279243000234
1.060458232486152e-12 2.2653242831632415e-09 2136.174923035286
1.0423643645686076e-12 2.2328560551906188e-09 2142.1070511314992
1.0247478611124037e-12 2.201282002922421e-09 2148.1206123551638
1.0075919608778688e-12 2.1705666911037412e-09 2154.2119978931014
9.908806612711948e-13 2.1406764748533266e-09 2160.3776907978663
9.745986731036165e-13 2.1115793921747933e-09 2166.6142694925425
9.587313788462748e-13 2.0832450637517882e-09 2172.918410429769
9.43264794063926e-13 2.0556445994962945e-09 2179.2868899938835
9.281855317402264e-13 2.0287505113583026e-09 2185.7165857289983
9.134807692344068e-13 2.0025366319414794e-09 2192.2044769697955
8.991382176339653e-13 1.976978038503545e-09 2198.747644945911
8.851460932906027e-13 1.9520509819517276e-09 2205.3432724250288
8.714930913471818e-13 1.9277328204731056e-09 2211.9886429543058
8.58168361082127e-13 1.904001957466917e-09 2218.6811397544675
8.451614829145358e-13 1.880837783471152e-09 2225.418244315975
8.32462446928537e-13 1.858220621799136e-09 2232.197534741955
8.200616327891398e-13 1.8361316776233138e-09 2239.016683878239
8.079497909342378e-13 1.8145529902634314e-09 2245.8734572667586
7.961180249385434e-13 1.7934673884546165e-09 2252.7657109548095
7.845577749552656e-13 1.7728584483878328e-09 2259.691389189176
7.732608021503368e-13 1.7527104543307822e-09 2266.6485220209333
7.622191740520863e-13 1.7330083616517346e-09 2273.6352228438027
7.514252507464982e-13 1.7137377620820017e-09 2280.649685886255
7.408716718547191e-13 1.6948848510650111e-09 2287.690183675114
7.305513442353201e-13 1.676436397051204e-09 2294.7550644862026
7.204574303590543e-13 1.658379712608329e-09 2301.8427497955604
7.105833373085623e-13 1.6407026272262912e-09 2308.9517317429522
7.009227063597171e-13 1.6233934617045498e-09 2316.080570617748
6.914694031050653e-13 1.6064410040181343e-09 2323.2278923758013
6.822175080832666e-13 1.5898344865659088e-09 2330.392386194617
6.7316130788148e-13 1.5735635647116001e-09 2337.5728020729457
6.642952866804123e-13 1.5576182965344833e-09 2344.767948479879
6.556141182142295e-13 1.541989123712536e-09 2351.9766900576005
6.471126581197872e-13 1.526666853466306e-09 2359.1979453811027
6.387859366516319e-13 1.5116426414967469e-09 2366.4306847774824
6.306291517410846e-13 1.496907975854952e-09 2373.673928206752
6.226376623793557e-13 1.4824546616860003e-09 2380.9267432055567
6.148069823061364e-13 1.4682748067930841e-09 2388.1882428946988
6.071327739864865e-13 1.4543608079718059e-09 2395.457584050926
5.996108428600554e-13 1.4407053380678858e-09 2402.733965243079
5.922371318478128e-13 1.4273013337147188e-09 2410.0166250323737
5.850077161024754e-13 1.4141419837101023e-09 2417.304840236309
5.779187979897646e-13 1.4012207179941937e-09 2424.59792425546
5.709667022884686e-13 1.3885311971932433e-09 2431.8952254622336
5.641478715980767e-13 1.3760673026959859e-09 2439.196125650467
5.57458861943467e-13 1.3638231272317431e-09 2446.50003854464
5.508963385667815e-13 1.3517929659212799e-09 2453.806408367354
5.444570718972403e-13 1.3399713077733352e-09 2461.1147084636245
5.381379336901927e-13 1.328352827601473e-09 2468.424439980492
5.319358933272288e-13 1.3169323783375173e-09 2475.735130600381
5.258480142696456e-13 1.3057049837193217e-09 2483.046333326609
5.198714506580076e-13 1.2946658313320384e-09 2490.3576253194215
5.14003444050948e-13 1.2838102659833269e-09 2497.668606780922
5.082413202967403e-13 1.2731337833941735e-09 2504.9788998872527
5.025824865315218e-13 1.2626320241881032e-09 2512.288147766389
4.970244282983846e-13 1.2523007681626346e-09 2519.5960135199352
4.915647067818497e-13 1.2421359288277871e-09 2526.9021792873173
4.862009561525394e-13 1.2321335481973861e-09 2534.206345350789
4.809308810171209e-13 1.222289791819753e-09 2541.508229279708
4.757522539688532e-13 1.2126009440351667e-09 2548.8075651125637
4.706629132343039e-13 1.2030634034482327e-09 2556.10410257527
4.65660760412026e-13 1.1936736786039897e-09 2563.3976063342834
4.607437582991908e-13 1.1844283838572363e-09 2570.6878552831317
4.559099288023712e-13 1.1753242354251663e-09 2577.9746418609984
4.5115735092885936e-13 1.166358047613984e-09 2585.2577714020244
4.464841588550655e-13 1.1575267292106858e-09 2592.5370615140546
4.4188854006872443e-13 1.1488272800317134e-09 2599.8123414855763
4.3736873358177904e-13 1.1402567876206432e-09 2607.0834517196654
4.3292302821096475e-13 1.1318124240875176e-09 2614.350243193767
4.285497609232551e-13 1.1234914430828376e-09 2621.6125769442046
4.2424731524346254e-13 1.1152911768996266e-09 2628.8703235743405
4.2001411972140847e-13 1.1072090336973286e-09 2636.1233627853517
4.1584864645620106e-13 1.0992424948416552e-09 2643.371582928627
4.117494096752681e-13 1.0913891123548143e-09 2650.61488057883
4.0771496436589664e-13 1.0836465064708474e-09 2657.85316012671
4.037439049571388e-13 1.0760123632910974e-09 2665.086333390782
3.9983486405002964e-13 1.0684844325350814e-09 2672.3143192470243
3.9598651119416486e-13 1.0610605253823072e-09 2679.5370432757877
3.921975517087634e-13 1.0537385124007986e-09 2686.754437425147
3.884667255464285e-13 1.0465163215583172e-09 2693.96643968993
3.847928061978966e-13 1.0393919363124845e-09 2701.1729938057406
3.811745996361394e-13 1.0323633937761955e-09 2708.3740489572656
3.776109432982527e-13 1.0254287829549067e-09 2715.569559500241
3.741007051036409e-13 1.01858624305256e-09 2722.759484696429
3.7064278250705817e-13 1.0118339618430548e-09 2729.943788461027
3.67236101585143e-13 1.0051701741043539e-09 2737.1224391219257
3.638796161551285e-13 9.98593160112443e-10 2744.295409190287
3.6057230692447665e-13 9.92101244192509e-10 2751.462675141906
3.573131806702333e-13 9.856927933248328e-10 2758.624217208867
3.54101269446951e-13 9.793662158030103e-10 2765.780019181016
3.509356298220775e-13 9.73119959942241e-10 2772.9300682168055
3.478153421377546e-13 9.669525128355295e-10 2780.0743546630597
3.447395097980127e-13 9.608623991557481e-10 2787.2128718832655
3.4170725858039205e-13 9.548481800016136e-10 2794.345616093989
3.3871773597106135e-13 9.489084517857184e-10 2801.4725862090354
3.357701105225408e-13 9.430418451628474e-10 2808.593783690998
3.328635712331792e-13 9.372470239969063e-10 2815.709212409854
3.299973269475586e-13 9.31522684364837e-10 2822.818878508278
3.271706057770486e-13 9.258675535960132e-10 2829.9227902733674
3.243826545397518e-13 9.202803893456438e-10 2837.0209580144706
3.2163273821912033e-13 9.147599787007976e-10 2844.1133939468396
3.189201394405464e-13 9.093051373177267e-10 2851.200112080852
3.1624415796526815e-13 9.039147085892215e-10 2858.281128116507
3.136041102009444e-13 8.985875628407886e-10 2865.3564593429955
3.1099932872829094e-13 8.933225965545005e-10 2872.4261245430685
3.0842916184318977e-13 8.881187316194224e-10 2879.4901439020086
3.05892973113703e-13 8.829749146075528e-10 2886.548538920976
3.0339014095145464e-13 8.778901160742896e-10 2893.6013323345287
3.009200581968547e-13 8.728633298824503e-10 2900.6485480321285
2.9848213171766913e-13 8.678935725489357e-10 2907.690210983438
2.960757820204537e-13 8.629798826131616e-10 2914.7263471672422
2.9370044287439116e-13 8.581213200264168e-10 2921.756983503819
2.913555609470881e-13 8.533169655613476e-10 2928.7821477905995
2.890405954519057e-13 8.485659202408051e-10 2935.801868640976
2.8675501780641667e-13 8.438673047853175e-10 2942.816175426083
2.844983113015913e-13 8.392202590784866e-10 2949.8250982194586
2.8226997078133975e-13 8.3462394164964e-10 2956.8286677444016
2.800695023320419e-13 8.30077529173087e-10 2963.8269153239407
2.7789642298171966e-13 8.255802159833726e-10 2970.819872833268
2.7575026040851276e-13 8.2113121360593e-10 2977.8075726545376
2.736305526581355e-13 8.167297503025692e-10 2984.7900476339096
2.715368478700056e-13 8.123750706312623e-10 2991.767331040741
2.6946870401174274e-13 8.080664350197001e-10 2998.739456528824
2.6742568862175176e-13 8.03803119352125e-10 3005.706458099574
2.654073785596131e-13 7.995844145689635e-10 3012.66837006707
2.6341335976401223e-13 7.954096262787934e-10 3019.625227024886
2.614432270179564e-13 7.912780743822178e-10 3026.5770638145896
2.5949658372102426e-13 7.871890927072057e-10 3033.523915495879
2.5757304166841995e-13 7.831420286555161e-10 3040.4658173182343
2.556722208365949e-13 7.791362428597963e-10 3047.402804694052
2.5379374917522193e-13 7.751711088509946e-10 3054.3349131731693
2.5193726240530834e-13 7.71246012735722e-10 3061.2621784187168
2.50102403823242e-13 7.673603528832217e-10 3068.1846361842563
2.482888241105767e-13 7.635135396216126e-10 3075.102322292114
2.4649618114936364e-13 7.597049949430905e-10 3082.0152726128827
2.4472413984285045e-13 7.559341522177836e-10 3088.9235230460163
2.4297237194136744e-13 7.522004559159605e-10 3095.8271095014734
2.4124055587323454e-13 7.485033613383185e-10 3102.7260678823714
2.395283765805245e-13 7.448423343540736e-10 3109.620434068583
2.3783552535952323e-13 7.412168511465908e-10 3116.5102439012544
2.361616997057388e-13 7.376263979663087e-10 3123.3955331681755
2.3450660316330803e-13 7.340704708907098e-10 3130.276337589993
2.32869945178663e-13 7.305485755911075e-10 3137.152692807199
2.312514409583205e-13 7.27060227106027e-10 3144.024634367872
2.2965081133066055e-13 7.236049496209591e-10 3150.892197716137
2.2806778261157103e-13 7.201822762542855e-10 3157.75541818131
2.2650208647383172e-13 7.167917488491685e-10 3164.61433096768
2.2495345982012472e-13 7.134329177712217e-10 3171.4689711449228
2.2342164465955234e-13 7.101053417117651e-10 3178.3193736390963
2.2190638798755577e-13 7.068085874964952e-10 3185.1655732242016
2.2040744166912754e-13 7.035422298993916e-10 3192.007604514275
2.1892456232521445e-13 7.003058514616974e-10 3198.845501955996
2.1745751122221405e-13 6.970990423158125e-10 3205.6792998217734
2.1600605416446624e-13 6.939214000139425e-10 3212.5090322032975
2.145699613896507e-13 6.907725293613591e-10 3219.334733005535
2.1314900746699928e-13 6.87652042254124e-10 3226.1564359411313
2.1174297119823788e-13 6.845595575211425e-10 3232.9741745252295
2.103516355211743e-13 6.814947007704062e-10 3239.7879820706503
2.0897478741585275e-13 6.784571042393041e-10 3246.597891683447
2.076122178131956e-13 6.754464066488694e-10 3253.4039362587973
2.0626372150606015e-13 6.724622530618504e-10 3260.2061484772203
2.0492909706263431e-13 6.695042947444803e-10 3267.0045608011133
2.0360814674210498e-13 6.665721890318426e-10 3273.7992054715723
2.02300676412528e-13 6.636655991967163e-10 3280.590114505505
2.0100649547083727e-13 6.607841943218043e-10 3287.3773196930006
1.9972541676492655e-13 6.579276491752346e-10 3294.1608525949623
1.9845725651774598e-13 6.550956440892483e-10 3300.940744540978
1.972018342533515e-13 6.522878648419678e-10 3307.7170266274134
1.9595897272485093e-13 6.495040025421651e-10 3314.4897297157395
1.947284978441923e-13 6.467437535169351e-10 3321.2588844310444
1.935102386137388e-13 6.440068192021926e-10 3328.0245211607607
1.923040270595796e-13 6.412929060359079e-10 3334.786670053574
1.911096981665275e-13 6.386017253540046e-10 3341.5453610184945
1.8992708981475215e-13 6.35932993288841e-10 3348.300623724117
1.8875604271800445e-13 6.332864306701999e-10 3355.0524875980254
1.8759640036338487e-13 6.30661762928717e-10 3361.8009818263536
1.864480089526132e-13 6.280587200016769e-10 3368.546135353484
1.8531071734475525e-13 6.254770362411099e-10 3375.2879768818857
1.841843770003669e-13 6.22916450324124e-10 3382.0265348720814
1.830688419270149e-13 6.203767051654092e-10 3388.7618375427223
1.8196396862613484e-13 6.178575478318545e-10 3395.4939128708024
1.808696160411906e-13 6.153587294592143e-10 3402.2227885919474
1.797856455070972e-13 6.128800051707737e-10 3408.9484922008396
1.7871192070087336e-13 6.104211339979509e-10 3415.6710509517106
1.7764830759348802e-13 6.079818788027857e-10 3422.39049185894
1.765946744028694e-13 6.055620062022647e-10 3429.1068416977423
1.7555089154804355e-13 6.031612864944254e-10 3435.820127004917
1.745168316043717e-13 6.007794935862011e-10 3442.5303740796962
1.7349236925985659e-13 5.984164049229486e-10 3449.237608984644
1.7247738127248788e-13 5.960718014196216e-10 3455.941857546639
1.7147174642859931e-13 5.937454673935383e-10 3462.6431453579053
1.704753455022095e-13 5.914371904987069e-10 3469.3414977771163
1.694880612153201e-13 5.891467616616615e-10 3476.036939930541
1.6850977819914548e-13 5.868739750187714e-10 3482.7294967132502
1.6754038295624907e-13 5.846186278549839e-10 3489.4191927903685
1.6657976382356165e-13 5.82380520543961e-10 3496.1060525983703
1.6562781093625928e-13 5.801594564895771e-10 3502.7901003464176
1.64684416192476e-13 5.77955242068736e-10 3509.4713600177383
1.6374947321883165e-13 5.757676865754792e-10 3516.1498553710417
1.6282287733675065e-13 5.73596602166344e-10 3522.8256099419627
1.619045255295541e-13 5.714418038069494e-10 3529.4986470445397
1.6099431641030118e-13 5.693031092197656e-10 3536.1689897727274
1.6009215019036398e-13 5.671803388330472e-10 3542.836661001921
1.5919792864871383e-13 5.650733157308934e-10 3549.5016833905183
1.5831155510190204e-13 5.62981865604409e-10 3556.1640793814995
1.5743293437471704e-13 5.609058167039378e-10 3562.82387120402
1.5656197277150005e-13 5.588449997923419e-10 3569.481080875036
1.5569857804810214e-13 5.567992480992964e-10 3576.135730200931
1.5484265938446744e-13 5.547683972765796e-10 3582.787840779164
1.5399412735782514e-13 5.527522853543312e-10 3589.437433999936
1.5315289391647508e-13 5.507507526982492e-10 3596.0845310478553
1.5231887235415283e-13 5.487636419677124e-10 3602.7291529036247
1.5149197728495863e-13 5.467907980747962e-10 3609.3713203457282
1.5067212461883573e-13 5.448320681441632e-10 3616.011053952132
1.4985923153758525e-13 5.42887301473807e-10 3622.6483741019906
1.4905321647140402e-13 5.409563494966281e-10 3629.283300977346
1.4825399907593107e-13 5.390390657428209e-10 3635.9158545648534
1.474615002097918e-13 5.371353058030513e-10 3642.546054657487
1.4667564191262668e-13 5.352449272924082e-10 3649.1739208562567
1.4589634738359155e-13 5.333677898151061e-10 3655.799472571937
1.4512354096032048e-13 5.315037549299245e-10 3662.4227290267654
1.4435714809833656e-13 5.296526861163641e-10 3669.043709256177
1.435970953509025e-13 5.278144487415022e-10 3675.6624321105037
1.4284331034929811e-13 5.259889100275329e-10 3682.2789162566996
1.4209572178351614e-13 5.241759390199719e-10 3688.893180180032
1.413542593833644e-13 5.223754065565148e-10 3695.505242185802
1.4061885389996593e-13 5.205871852365285e-10 3702.1151204010393
1.3988943708764749e-13 5.188111493911658e-10 3708.7228327761836
1.3916594168620475e-13 5.170471750540812e-10 3715.328397086793
1.3844830140353941e-13 5.152951399327447e-10 3721.9318309352057
1.377364508986544e-13 5.135549233803264e-10 3728.5331517522313
1.3703032576500316e-13 5.118264063681508e-10 3735.132376798805
1.3632986251418118e-13 5.10109471458699e-10 3741.7295231676544
1.3563499855995343e-13 5.084040027791497e-10 3748.32460778495
1.3494567220260984e-13 5.067098859954465e-10 3754.9176474119395
1.3426182261363982e-13 5.050270082868789e-10 3761.508658646592
1.3358338982071951e-13 5.033552583211639e-10 3768.0976579252133
1.329103146930041e-13 5.016945262300194e-10 3774.6846615240665
1.3224253892671826e-13 5.000447035852161e-10 3781.2696855609684
1.315800050310367e-13 4.98405683375097e-10 3787.852745996891
1.3092265631425014e-13 4.967773599815561e-10 3794.433858637536
1.3027043687020797e-13 4.951596291574622e-10 3801.0130391349144
1.2962329156503254e-13 4.935523880045218e-10 3807.590302988908
1.2898116602409855e-13 4.919555349515678e-10 3814.165665548813
1.283440066192713e-13 4.90368969733267e-10 3820.7391420148824
1.2771176045639766e-13 4.887925933692351e-10 3827.3107474398557
1.2708437536304512e-13 4.872263081435527e-10 3833.880496730468
1.2646179987648137e-13 4.85670017584669e-10 3840.448404648961
1.2584398323189092e-13 4.841236264456897e-10 3847.014485814566
1.2523087535082203e-13 4.82587040685037e-10 3853.578754704993
1.2462242682985982e-13 4.810601674474761e-10 3860.1412256578924
1.240185889295193e-13 4.795429150454966e-10 3866.701912872307
1.234193135633546e-13 4.780351929410457e-10 3873.2608304101186
1.2282455328727849e-13 4.765369117276014e-10 3879.8179921974815
1.2223426128908853e-13 4.750479831125812e-10 3886.3734120262343
1.2164839137819442e-13 4.735683199000766e-10 3892.927103555305
2.887710510094065e-12 5.779196272344964e-09 2001.3073513233535
2.8018727504302204e-12 5.608342976066351e-09 2001.640857960164
2.7194341228948655e-12 5.444409547695651e-09 2002.0376672702853
2.6403617150029157e-12 5.287338802152594e-09 2002.505479498954
2.564584093108808e-12 5.136995820949448e-09 2003.0522043526923
2.492003039990312e-12 4.993191244744572e-09 2003.6858561633148
2.422502560689299e-12 4.855699124798928e-09 2004.4144446300556
2.355955721218491e-12 4.724270469272361e-09 2005.2458654991137
2.292229784316556e-12 4.598643417011944e-09 2006.1877951660335
2.2311900170923593e-12 4.478550790419625e-09 2007.247592590065
2.1727024695095823e-12 4.363725625090016e-09 2008.4322111876586
2.116635960039629e-12 4.253905146935577e-09 2009.7481226086381
2.0628634541099647e-12 4.148833564826978e-09 2011.2012535589847
2.0112629804515065e-12 4.04826396487387e-09 2012.7969361644987
1.9617181983430946e-12 3.9519595277930865e-09 2014.5398717975845
1.914118703467238e-12 3.859694240102342e-09 2016.4341078277355
1.868360140261592e-12 3.771253230331838e-09 2018.4830264061504
1.824344173141727e-12 3.686432830728832e-09 2020.6893441495624
1.7819783568646815e-12 3.6050404411433775e-09 2023.0551214360985
1.7411759368661853e-12 3.526894253408026e-09 2025.5817799525898
1.7018556030569621e-12 3.451822880357789e-09 2028.270127123267
1.663941214849097e-12 3.3796649227349187e-09 2031.120386089734
1.6273615107447386e-12 3.3102684988483933e-09 2034.1322299883425
1.5920498123772214e-12 3.243490755436558e-09 2037.3048193720983
1.5579437302310927e-12 3.179197373267991e-09 2040.636841740372
1.5249848762123645e-12 3.117262077265512e-09 2044.1265522632057
1.4931185866607065e-12 3.057566158084733e-09 2047.7718149117975
1.4622936581874144e-12 2.999998009915571e-09 2051.570143328268
1.4324620978055168e-12 2.9444526876435675e-09 2055.518740882826
1.4035788881276248e-12 2.890831485284736e-09 2059.6145394728096
1.3756017678931674e-12 2.8390415366981737e-09 2063.85423671443
1.3484910277101519e-12 2.7889954389114834e-09 2068.234331263906
1.3222093206267754e-12 2.7406108979086603e-09 2072.751156079819
1.2967214869607655e-12 2.6938103963848356e-09 2077.400909503354
1.2719943926901943e-12 2.6485208827335123e-09 2082.179684088107
1.2479967806336146e-12 2.6046734803736102e-09 2087.0834931570926
1.2246991336080186e-12 2.562203216425902e-09 2092.108295102272
1.2020735487409457e-12 2.52104876869576e-09 2097.2500154722743
1.1800936221209142e-12 2.48115222989974e-09 2102.504566917757
1.1587343429925444e-12 2.4424588880784074e-09 2107.867867082043
1.1379719967348927e-12 2.4049170221599567e-09 2113.335854537919
1.117784075900247e-12 2.3684777116733074e-09 2118.904502880639
1.0981491986333709e-12 2.3330946596515542e-09 2124.569833092856
1.0790470338359284e-12 2.2987240278137902e-09 2130.3279243000234
1.060458232486152e-12 2.2653242831632415e-09 2136.174923035286
1.0423643645686076e-12 2.2328560551906188e-09 2142.1070511314992
1.0247478611124037e-12 2.201282002922421e-09 2148.1206123551638
1.0075919608778688e-12 2.1705666911037412e-09 2154.2119978931014
9.908806612711948e-13 2.1406764748533266e-09 2160.3776907978663
9.745986731036165e-13 2.1115793921747933e-09 2166.6142694925425
9.587313788462748e-13 2.0832450637517882e-09 2172.918410429769
9.43264794063926e-13 2.0556445994962945e-09 2179.2868899938835
9.281855317402264e-13 2.0287505113583026e-09 2185.7165857289983
9.134807692344068e-13 2.0025366319414794e-09 2192.2044769697955
8.991382176339653e-13 1.976978038503545e-09 2198.747644945911
8.851460932906027e-13 1.9520509819517276e-09 2205.3432724250288
8.714930913471818e-13 1.9277328204731056e-09 2211.9886429543058
8.58168361082127e-13 1.904001957466917e-09 2218.6811397544675
8.451614829145358e-13 1.880837783471152e-09 2225.418244315975
8.32462446928537e-13 1.858220621799136e-09 2232.197534741955
8.200616327891398e-13 1.8361316776233138e-09 2239.016683878239
8.079497909342378e-13 1.8145529902634314e-09 2245.8734572667586
7.961180249385434e-13 1.7934673884546165e-09 2252.7657109548095
7.845577749552656e-13 1.7728584483878328e-09 2259.691389189176
7.732608021503368e-13 1.7527104543307822e-09 2266.6485220209333
7.622191740520863e-13 1.7330083616517346e-09 2273.6352228438027
7.514252507464982e-13 1.7137377620820017e-09 2280.649685886255
7.408716718547191e-13 1.6948848510650111e-09 2287.690183675114
7.305513442353201e-13 1.676436397051204e-09 2294.7550644862026
7.204574303590543e-13 1.658379712608329e-09 2301.8427497955604
7.105833373085623e-13 1.6407026272262912e-09 2308.9517317429522
7.009227063597171e-13 1.6233934617045498e-09 2316.080570617748
6.914694031050653e-13 1.6064410040181343e-09 2323.2278923758013
6.822175080832666e-13 1.5898344865659088e-09 2330.392386194617
6.7316130788148e-13 1.5735635647116001e-09 2337.5728020729457
6.642952866804123e-13 1.5576182965344833e-09 2344.767948479879
6.556141182142295e-13 1.541989123712536e-09 2351.9766900576005
6.471126581197872e-13 1.526666853466306e-09 2359.1979453811027
6.387859366516319e-13 1.5116426414967469e-09 2366.4306847774824
6.306291517410846e-13 1.496907975854952e-09 2373.673928206752
6.226376623793557e-13 1.4824546616860003e-09 2380.9267432055567
6.148069823061364e-13 1.4682748067930841e-09 2388.1882428946988
6.071327739864865e-13 1.4543608079718059e-09 2395.457584050926
5.996108428600554e-13 1.4407053380678858e-09 2402.733965243079
5.922371318478128e-13 1.4273013337147188e-09 2410.0166250323737
5.850077161024754e-13 1.4141419837101023e-09 2417.304840236309
5.779187979897646e-13 1.4012207179941937e-09 2424.59792425546
5.709667022884686e-13 1.3885311971932433e-09 2431.8952254622336
5.641478715980767e-13 1.3760673026959859e-09 2439.196125650467
5.57458861943467e-13 1.3638231272317431e-09 2446.50003854464
5.508963385667815e-13 1.3517929659212799e-09 2453.806408367354
5.444570718972403e-13 1.3399713077733352e-09 2461.1147084636245
5.381379336901927e-13 1.328352827601473e-09 2468.424439980492
5.319358933272288e-13 1.3169323783375173e-09 2475.735130600381
5.258480142696456e-13 1.3057049837193217e-09 2483.046333326609
5.198714506580076e-13 1.2946658313320384e-09 2490.3576253194215
5.14003444050948e-13 1.2838102659833269e-09 2497.668606780922
5.082413202967403e-13 1.2731337833941735e-09 2504.9788998872527
5.025824865315218e-13 1.2626320241881032e-09 2512.288147766389
4.970244282983846e-13 1.2523007681626346e-09 2519.5960135199352
4.915647067818497e-13 1.2421359288277871e-09 2526.9021792873173
4.862009561525394e-13 1.2321335481973861e-09 2534.206345350789
4.809308810171209e-13 1.222289791819753e-09 2541.508229279708
4.757522539688532e-13 1.2126009440351667e-09 2548.8075651125637
4.706629132343039e-13 1.2030634034482327e-09 2556.10410257527
4.65660760412026e-13 1.1936736786039897e-09 2563.3976063342834
4.607437582991908e-13 1.1844283838572363e-09 2570.6878552831317
4.559099288023712e-13 1.1753242354251663e-09 2577.9746418609984
4.5115735092885936e-13 1.166358047613984e-09 2585.2577714020244
4.464841588550655e-13 1.1575267292106858e-09 2592.5370615140546
4.4188854006872443e-13 1.1488272800317134e-09 2599.8123414855763
4.3736873358177904e-13 1.1402567876206432e-09 2607.0834517196654
4.3292302821096475e-13 1.1318124240875176e-09 2614.350243193767
4.285497609232551e-13 1.1234914430828376e-09 2621.6125769442046
4.2424731524346254e-13 1.1152911768996266e-09 2628.8703235743405
4.2001411972140847e-13 1.1072090336973286e-09 2636.1233627853517
4.1584864645620106e-13 1.0992424948416552e-09 2643.371582928627
4.117494096752681e-13 1.0913891123548143e-09 2650.61488057883
4.0771496436589664e-13 1.0836465064708474e-09 2657.85316012671
4.037439049571388e-13 1.0760123632910974e-09 2665.086333390782
3.9983486405002964e-13 1.0684844325350814e-09 2672.3143192470243
3.9598651119416486e-13 1.0610605253823072e-09 2679.5370432757877
3.921975517087634e-13 1.0537385124007986e-09 2686.754437425147
3.884667255464285e-13 1.0465163215583172e-09 2693.96643968993
3.847928061978966e-13 1.0393919363124845e-09 2701.1729938057406
3.811745996361394e-13 1.0323633937761955e-09 2708.3740489572656
3.776109432982527e-13 1.0254287829549067e-09 2715.569559500241
3.741007051036409e-13 1.01858624305256e-09 2722.759484696429
3.7064278250705817e-13 1.0118339618430548e-09 2729.943788461027
3.67236101585143e-13 1.0051701741043539e-09 2737.1224391219257
3.638796161551285e-13 9.98593160112443e-10 2744.295409190287
3.6057230692447665e-13 9.92101244192509e-10 2751.462675141906
3.573131806702333e-13 9.856927933248328e-10 2758.624217208867
3.54101269446951e-13 9.793662158030103e-10 2765.780019181016
3.509356298220775e-13 9.73119959942241e-10 2772.9300682168055
3.478153421377546e-13 9.669525128355295e-10 2780.0743546630597
3.447395097980127e-13 9.608623991557481e-10 2787.2128718832655
3.4170725858039205e-13 9.548481800016136e-10 2794.345616093989
3.3871773597106135e-13 9.489084517857184e-10 2801.4725862090354
3.357701105225408e-13 9.430418451628474e-10 2808.593783690998
3.328635712331792e-13 9.372470239969063e-10 2815.709212409854
3.299973269475586e-13 9.31522684364837e-10 2822.818878508278
3.271706057770486e-13 9.258675535960132e-10 2829.9227902733674
3.243826545397518e-13 9.202803893456438e-10 2837.0209580144706
3.2163273821912033e-13 9.147599787007976e-10 2844.1133939468396
3.189201394405464e-13 9.093051373177267e-10 2851.200112080852
3.1624415796526815e-13 9.039147085892215e-10 2858.281128116507
3.136041102009444e-13 8.985875628407886e-10 2865.3564593429955
3.1099932872829094e-13 8.933225965545005e-10 2872.4261245430685
3.0842916184318977e-13 8.881187316194224e-10 2879.4901439020086
3.05892973113703e-13 8.829749146075528e-10 2886.548538920976
3.0339014095145464e-13 8.778901160742896e-10 2893.6013323345287
3.009200581968547e-13 8.728633298824503e-10 2900.6485480321285
2.9848213171766913e-13 8.678935725489357e-10 2907.690210983438
2.960757820204537e-13 8.629798826131616e-10 2914.7263471672422
2.9370044287439116e-13 8.581213200264168e-10 2921.756983503819
2.913555609470881e-13 8.533169655613476e-10 2928.7821477905995
2.890405954519057e-13 8.485659202408051e-10 2935.801868640976
2.8675501780641667e-13 8.438673047853175e-10 2942.816175426083
2.844983113015913e-13 8.392202590784866e-10 2949.8250982194586
2.8226997078133975e-13 8.3462394164964e-10 2956.8286677444016
2.800695023320419e-13 8.30077529173087e-10 2963.8269153239407
2.7789642298171966e-13 8.255802159833726e-10 2970.819872833268
2.7575026040851276e-13 8.2113121360593e-10 2977.8075726545376
2.736305526581355e-13 8.167297503025692e-10 2984.7900476339096
2.715368478700056e-13 8.123750706312623e-10 2991.767331040741
2.6946870401174274e-13 8.080664350197001e-10 2998.739456528824
2.6742568862175176e-13 8.03803119352125e-10 3005.706458099574
2.654073785596131e-13 7.995844145689635e-10 3012.66837006707
2.6341335976401223e-13 7.954096262787934e-10 3019.625227024886
2.614432270179564e-13 7.912780743822178e-10 3026.5770638145896
2.5949658372102426e-13 7.871890927072057e-10 3033.523915495879
2.5757304166841995e-13 7.831420286555161e-10 3040.4658173182343
2.556722208365949e-13 7.791362428597963e-10 3047.402804694052
2.5379374917522193e-13 7.751711088509946e-10 3054.3349131731693
2.5193726240530834e-13 7.71246012735722e-10 3061.2621784187168
2.50102403823242e-13 7.673603528832217e-10 3068.1846361842563
2.482888241105767e-13 7.635135396216126e-10 3075.102322292114
2.4649618114936364e-13 7.597049949430905e-10 3082.0152726128827
2.4472413984285045e-13 7.559341522177836e-10 3088.9235230460163
2.4297237194136744e-13 7.522004559159605e-10 3095.8271095014734
2.4124055587323454e-13 7.485033613383185e-10 3102.7260678823714
2.395283765805245e-13 7.448423343540736e-10 3109.620434068583
2.3783552535952323e-13 7.412168511465908e-10 3116.5102439012544
2.361616997057388e-13 7.376263979663087e-10 3123.3955331681755
2.3450660316330803e-13 7.340704708907098e-10 3130.276337589993
2.32869945178663e-13 7.305485755911075e-10 3137.152692807199
2.312514409583205e-13 7.27060227106027e-10 3144.024634367872
2.2965081133066055e-13 7.236049496209591e-10 3150.892197716137
2.2806778261157103e-13 7.201822762542855e-10 3157.75541818131
2.2650208647383172e-13 7.167917488491685e-10 3164.61433096768
2.2495345982012472e-13 7.134329177712217e-10 3171.4689711449228
2.2342164465955234e-13 7.101053417117651e-10 3178.3193736390963
2.2190638798755577e-13 7.068085874964952e-10 3185.1655732242016
2.2040744166912754e-13 7.035422298993916e-10 3192.007604514275
2.1892456232521445e-13 7.003058514616974e-10 3198.845501955996
2.1745751122221405e-13 6.970990423158125e-10 3205.6792998217734
2.1600605416446624e-13 6.939214000139425e-10 3212.5090322032975
2.145699613896507e-13 6.907725293613591e-10 3219.334733005535
2.1314900746699928e-13 6.87652042254124e-10 3226.1564359411313
2.1174297119823788e-13 6.845595575211425e-10 3232.9741745252295
2.103516355211743e-13 6.814947007704062e-10 3239.7879820706503
2.0897478741585275e-13 6.784571042393041e-10 3246.597891683447
2.076122178131956e-13 6.754464066488694e-10 3253.4039362587973
2.0626372150606015e-13 6.724622530618504e-10 3260.2061484772203
2.0492909706263431e-13 6.695042947444803e-10 3267.0045608011133
2.0360814674210498e-13 6.665721890318426e-10 3273.7992054715723
2.02300676412528e-13 6.636655991967163e-10 3280.590114505505
2.0100649547083727e-13 6.607841943218043e-10 3287.3773196930006
1.9972541676492655e-13 6.579276491752346e-10 3294.1608525949623
1.9845725651774598e-13 6.550956440892483e-10 3300.940744540978
1.972018342533515e-13 6.522878648419678e-10 3307.7170266274134
1.9595897272485093e-13 6.495040025421651e-10 3314.4897297157395
1.947284978441923e-13 6.467437535169351e-10 3321.2588844310444
1.935102386137388e-13 6.440068192021926e-10 3328.0245211607607
1.923040270595796e-13 6.412929060359079e-10 3334.786670053574
1.911096981665275e-13 6.386017253540046e-10 3341.5453610184945
1.8992708981475215e-13 6.35932993288841e-10 3348.300623724117
1.8875604271800445e-13 6.332864306701999e-10 3355.0524875980254
1.8759640036338487e-13 6.30661762928717e-10 3361.8009818263536
1.864480089526132e-13 6.280587200016769e-10 3368.546135353484
1.8531071734475525e-13 6.254770362411099e-10 3375.2879768818857
1.841843770003669e-13 6.22916450324124e-10 3382.0265348720814
1.830688419270149e-13 6.203767051654092e-10 3388.7618375427223
1.8196396862613484e-13 6.178575478318545e-10 3395.4939128708024
1.808696160411906e-13 6.153587294592143e-10 3402.2227885919474
1.797856455070972e-13 6.128800051707737e-10 3408.9484922008396
1.7871192070087336e-13 6.104211339979509e-10 3415.6710509517106
1.7764830759348802e-13 6.079818788027857e-10 3422.39049185894
1.765946744028694e-13 6.055620062022647e-10 3429.1068416977423
1.7555089154804355e-13 6.031612864944254e-10 3435.820127004917
1.745168316043717e-13 6.007794935862011e-10 3442.5303740796962
1.7349236925985659e-13 5.984164049229486e-10 3449.237608984644
1.7247738127248788e-13 5.960718014196216e-10 3455.941857546639
1.7147174642859931e-13 5.937454673935383e-10 3462.6431453579053
1.704753455022095e-13 5.914371904987069e-10 3469.3414977771163
1.694880612153201e-13 5.891467616616615e-10 3476.036939930541
1.6850977819914548e-13 5.868739750187714e-10 3482.7294967132502
1.6754038295624907e-13 5.846186278549839e-10 3489.4191927903685
1.6657976382356165e-13 5.82380520543961e-10 3496.1060525983703
1.6562781093625928e-13 5.801594564895771e-10 3502.7901003464176
1.64684416192476e-13 5.77955242068736e-10 3509.4713600177383
1.6374947321883165e-13 5.757676865754792e-10 3516.1498553710417
1.6282287733675065e-13 5.73596602166344e-10 3522.8256099419627
1.619045255295541e-13 5.714418038069494e-10 3529.4986470445397
1.6099431641030118e-13 5.693031092197656e-10 3536.1689897727274
1.6009215019036398e-13 5.671803388330472e-10 3542.836661001921
1.5919792864871383e-13 5.650733157308934e-10 3549.5016833905183
1.5831155510190204e-13 5.62981865604409e-10 3556.1640793814995
1.5743293437471704e-13 5.609058167039378e-10 3562.82387120402
1.5656197277150005e-13 5.588449997923419e-10 3569.481080875036
1.5569857804810214e-13 5.567992480992964e-10 3576.135730200931
1.5484265938446744e-13 5.547683972765796e-10 3582.787840779164
1.5399412735782514e-13 5.527522853543312e-10 3589.437433999936
1.5315289391647508e-13 5.507507526982492e-10 3596.0845310478553
1.5231887235415283e-13 5.487636419677124e-10 3602.7291529036247
1.5149197728495863e-13 5.467907980747962e-10 3609.3713203457282
1.5067212461883573e-13 5.448320681441632e-10 3616.011053952132
1.4985923153758525e-13 5.42887301473807e-10 3622.6483741019906
1.4905321647140402e-13 5.409563494966281e-10 3629.283300977346
1.4825399907593107e-13 5.390390657428209e-10 3635.9158545648534
1.474615002097918e-13 5.371353058030513e-10 3642.546054657487
1.4667564191262668e-13 5.352449272924082e-10 3649.1739208562567
1.4589634738359155e-13 5.333677898151061e-10 3655.799472571937
1.4512354096032048e-13 5.315037549299245e-10 3662.4227290267654
1.4435714809833656e-13 5.296526861163641e-10 3669.043709256177
1.435970953509025e-13 5.278144487415022e-10 3675.6624321105037
1.4284331034929811e-13 5.259889100275329e-10 3682.2789162566996
1.4209572178351614e-13 5.241759390199719e-10 3688.893180180032
1.413542593833644e-13 5.223754065565148e-10 3695.505242185802
1.4061885389996593e-13 5.205871852365285e-10 3702.1151204010393
1.3988943708764749e-13 5.188111493911658e-10 3708.7228327761836
1.3916594168620475e-13 5.170471750540812e-10 3715.328397086793
1.3844830140353941e-13 5.152951399327447e-10 3721.9318309352057
1.377364508986544e-13 5.135549233803264e-10 3728.5331517522313
1.3703032576500316e-13 5.118264063681508e-10 3735.132376798805
1.3632986251418118e-13 5.10109471458699e-10 3741.7295231676544
1.3563499855995343e-13 5.084040027791497e-10 3748.32460778495
1.3494567220260984e-13 5.067098859954465e-10 3754.9176474119395
1.3426182261363982e-13 5.050270082868789e-10 3761.508658646592
1.3358338982071951e-13 5.033552583211639e-10 3768.0976579252133
1.329103146930041e-13 5.016945262300194e-10 3774.6846615240665
1.3224253892671826e-13 5.000447035852161e-10 3781.2696855609684
1.315800050310367e-13 4.98405683375097e-10 3787.852745996891
1.3092265631425014e-13 4.967773599815561e-10 3794.433858637536
1.3027043687020797e-13 4.951596291574622e-10 3801.0130391349144
1.2962329156503254e-13 4.935523880045218e-10 3807.590302988908
1.2898116602409855e-13 4.919555349515678e-10 3814.165665548813
1.283440066192713e-13 4.90368969733267e-10 3820.7391420148824
1.2771176045639766e-13 4.887925933692351e-10 3827.3107474398557
1.2708437536304512e-13 4.872263081435527e-10 3833.880496730468
1.2646179987648137e-13 4.85670017584669e-10 3840.448404648961
1.2584398323189092e-13 4.841236264456897e-10 3847.014485814566
1.2523087535082203e-13 4.82587040685037e-10 3853.578754704993
1.2462242682985982e-13 4.810601674474761e-10 3860.1412256578924
1.240185889295193e-13 4.795429150454966e-10 3866.701912872307
1.234193135633546e-13 4.780351929410457e-10 3873.2608304101186
1.2282455328727849e-13 4.765369117276014e-10 3879.8179921974815
1.2223426128908853e-13 4.750479831125812e-10 3886.3734120262343
1.2164839137819442e-13 4.735683199000766e-10 3892.927103555305
2.887710510094065e-12 5.779196272344964e-09 2001.3073513233535
2.8018727504302204e-12 5.608342976066351e-09 2001.640857960164
2.7194341228948655e-12 5.444409547695651e-09 2002.0376672702853
2.6403617150029157e-12 5.287338802152594e-09 2002.505479498954
2.564584093108808e-12 5.136995820949448e-09 2003.0522043526923
2.492003039990312e-12 4.993191244744572e-09 2003.6858561633148
2.422502560689299e-12 4.855699124798928e-09 2004.4144446300556
2.355955721218491e-12 4.724270469272361e-09 2005.2458654991137
2.292229784316556e-12 4.598643417011944e-09 2006.1877951660335
2.2311900170923593e-12 4.478550790419625e-09 2007.247592590065
2.1727024695095823e-12 4.363725625090016e-09 2008.4322111876586
2.116635960039629e-12 4.253905146935577e-09 2009.7481226086381
2.0628634541099647e-12 4.148833564826978e-09 2011.2012535589847
2.0112629804515065e-12 4.04826396487387e-09 2012.7969361644987
1.9617181983430946e-12 3.9519595277930865e-09 2014.5398717975845
1.914118703467238e-12 3.859694240102342e-09 2016.4341078277355
1.868360140261592e-12 3.771253230331838e-09 2018.4830264061504
1.824344173141727e-12 3.686432830728832e-09 2020.6893441495624
1.7819783568646815e-12 3.6050404411433775e-09 2023.0551214360985
1.7411759368661853e-12 3.526894253408026e-09 2025.5817799525898
1.7018556030569621e-12 3.451822880357789e-09 2028.270127123267
1.663941214849097e-12 3.3796649227349187e-09 2031.120386089734
1.6273615107447386e-12 3.3102684988483933e-09 2034.1322299883425
1.5920498123772214e-12 3.243490755436558e-09 2037.3048193720983
1.5579437302310927e-12 3.179197373267991e-09 2040.636841740372
1.5249848762123645e-12 3.117262077265512e-09 2044.1265522632057
1.4931185866607065e-12 3.057566158084733e-09 2047.7718149117975
1.4622936581874144e-12 2.999998009915571e-09 2051.570143328268
1.4324620978055168e-12 2.9444526876435675e-09 2055.518740882826
1.4035788881276248e-12 2.890831485284736e-09 2059.6145394728096
1.3756017678931674e-12 2.8390415366981737e-09 2063.85423671443
1.3484910277101519e-12 2.7889954389114834e-09 2068.234331263906
1.3222093206267754e-12 2.7406108979086603e-09 2072.751156079819
1.2967214869607655e-12 2.6938103963848356e-09 2077.400909503354
1.2719943926901943e-12 2.6485208827335123e-09 2082.179684088107
1.2479967806336146e-12 2.6046734803736102e-09 2087.0834931570926
1.2246991336080186e-12 2.562203216425902e-09 2092.108295102272
1.2020735487409457e-12 2.52104876869576e-09 2097.2500154722743
1.1800936221209142e-12 2.48115222989974e-09 2102.504566917757
1.1587343429925444e-12 2.4424588880784074e-09 2107.867867082043
1.1379719967348927e-12 2.4049170221599567e-09 2113.335854537919
1.117784075900247e-12 2.3684777116733074e-09 2118.904502880639
1.0981491986333709e-12 2.3330946596515542e-09 2124.569833092856
1.0790470338359284e-12 2.2987240278137902e-09 2130.3279243000234
1.060458232486152e-12 2.2653242831632415e-09 2136.174923035286
1.0423643645686076e-12 2.2328560551906188e-09 2142.1070511314992
1.0247478611124037e-12 2.201282002922421e-09 2148.1206123551638
1.0075919608778688e-12 2.1705666911037412e-09 2154.2119978931014
9.908806612711948e-13 2.1406764748533266e-09 2160.3776907978663
9.745986731036165e-13 2.1115793921747933e-09 2166.6142694925425
9.587313788462748e-13 2.0832450637517882e-09 2172.918410429769
9.43264794063926e-13 2.0556445994962945e-09 2179.2868899938835
9.281855317402264e-13 2.0287505113583026e-09 2185.7165857289983
9.134807692344068e-13 2.0025366319414794e-09 2192.2044769697955
8.991382176339653e-13 1.976978038503545e-09 2198.747644945911
8.851460932906027e-13 1.9520509819517276e-09 2205.3432724250288
8.714930913471818e-13 1.9277328204731056e-09 2211.9886429543058
8.58168361082127e-13 1.904001957466917e-09 2218.6811397544675
8.451614829145358e-13 1.880837783471152e-09 2225.418244315975
8.32462446928537e-13 1.858220621799136e-09 2232.197534741955
8.200616327891398e-13 1.8361316776233138e-09 2239.016683878239
8.079497909342378e-13 1.8145529902634314e-09 2245.8734572667586
7.961180249385434e-13 1.7934673884546165e-09 2252.7657109548095
7.845577749552656e-13 1.7728584483878328e-09 2259.691389189176
7.732608021503368e-13 1.7527104543307822e-09 2266.6485220209333
7.622191740520863e-13 1.7330083616517346e-09 2273.6352228438027
7.514252507464982e-13 1.7137377620820017e-09 2280.649685886255
7.408716718547191e-13 1.6948848510650111e-09 2287.690183675114
7.305513442353201e-13 1.676436397051204e-09 2294.7550644862026
7.204574303590543e-13 1.658379712608329e-09 2301.8427497955604
7.105833373085623e-13 1.6407026272262912e-09 2308.9517317429522
7.009227063597171e-13 1.6233934617045498e-09 2316.080570617748
6.914694031050653e-13 1.6064410040181343e-09 2323.2278923758013
6.822175080832666e-13 1.5898344865659088e-09 2330.392386194617
6.7316130788148e-13 1.5735635647116001e-09 2337.5728020729457
6.642952866804123e-13 1.5576182965344833e-09 2344.767948479879
6.556141182142295e-13 1.541989123712536e-09 2351.9766900576005
6.471126581197872e-13 1.526666853466306e-09 2359.1979453811027
6.387859366516319e-13 1.5116426414967469e-09 2366.4306847774824
6.306291517410846e-13 1.496907975854952e-09 2373.673928206752
6.226376623793557e-13 1.4824546616860003e-09 2380.9267432055567
6.148069823061364e-13 1.4682748067930841e-09 2388.1882428946988
6.071327739864865e-13 1.4543608079718059e-09 2395.457584050926
5.996108428600554e-13 1.4407053380678858e-09 2402.733965243079
5.922371318478128e-13 1.4273013337147188e-09 2410.0166250323737
5.850077161024754e-13 1.4141419837101023e-09 2417.304840236309
5.779187979897646e-13 1.4012207179941937e-09 2424.59792425546
5.709667022884686e-13 1.3885311971932433e-09 2431.8952254622336
5.641478715980767e-13 1.3760673026959859e-09 2439.196125650467
5.57458861943467e-13 1.3638231272317431e-09 2446.50003854464
5.508963385667815e-13 1.3517929659212799e-09 2453.806408367354
5.444570718972403e-13 1.3399713077733352e-09 2461.1147084636245
5.381379336901927e-13 1.328352827601473e-09 2468.424439980492
5.319358933272288e-13 1.3169323783375173e-09 2475.735130600381
5.258480142696456e-13 1.3057049837193217e-09 2483.046333326609
5.198714506580076e-13 1.2946658313320384e-09 2490.3576253194215
5.14003444050948e-13 1.2838102659833269e-09 2497.668606780922
5.082413202967403e-13 1.2731337833941735e-09 2504.9788998872527
5.025824865315218e-13 1.2626320241881032e-09 2512.288147766389
4.970244282983846e-13 1.2523007681626346e-09 2519.5960135199352
4.915647067818497e-13 1.2421359288277871e-09 2526.9021792873173
4.862009561525394e-13 1.2321335481973861e-09 2534.206345350789
4.809308810171209e-13 1.222289791819753e-09 2541.508229279708
4.757522539688532e-13 1.2126009440351667e-09 2548.8075651125637
4.706629132343039e-13 1.2030634034482327e-09 2556.10410257527
4.65660760412026e-13 1.1936736786039897e-09 2563.3976063342834
4.607437582991908e-13 1.1844283838572363e-09 2570.6878552831317
4.559099288023712e-13 1.1753242354251663e-09 2577.9746418609984
4.5115735092885936e-13 1.166358047613984e-09 2585.2577714020244
4.464841588550655e-13 1.1575267292106858e-09 2592.5370615140546
4.4188854006872443e-13 1.1488272800317134e-09 2599.8123414855763
4.3736873358177904e-13 1.1402567876206432e-09 2607.0834517196654
4.3292302821096475e-13 1.1318124240875176e-09 2614.350243193767
4.285497609232551e-13 1.1234914430828376e-09 2621.6125769442046
4.2424731524346254e-13 1.1152911768996266e-09 2628.8703235743405
4.2001411972140847e-13 1.1072090336973286e-09 2636.1233627853517
4.1584864645620106e-13 1.0992424948416552e-09 2643.371582928627
4.117494096752681e-13 1.0913891123548143e-09 2650.61488057883
4.0771496436589664e-13 1.0836465064708474e-09 2657.85316012671
4.037439049571388e-13 1.0760123632910974e-09 2665.086333390782
3.9983486405002964e-13 1.0684844325350814e-09 2672.3143192470243
3.9598651119416486e-13 1.0610605253823072e-09 2679.5370432757877
3.921975517087634e-13 1.0537385124007986e-09 2686.754437425147
3.884667255464285e-13 1.0465163215583172e-09 2693.96643968993
3.847928061978966e-13 1.0393919363124845e-09 2701.1729938057406
3.811745996361394e-13 1.0323633937761955e-09 2708.3740489572656
3.776109432982527e-13 1.0254287829549067e-09 2715.569559500241
3.741007051036409e-13 1.01858624305256e-09 2722.759484696429
3.7064278250705817e-13 1.0118339618430548e-09 2729.943788461027
3.67236101585143e-13 1.0051701741043539e-09 2737.1224391219257
3.638796161551285e-13 9.98593160112443e-10 2744.295409190287
3.6057230692447665e-13 9.92101244192509e-10 2751.462675141906
3.573131806702333e-13 9.856927933248328e-10 2758.624217208867
3.54101269446951e-13 9.793662158030103e-10 2765.780019181016
3.509356298220775e-13 9.73119959942241e-10 2772.9300682168055
3.478153421377546e-13 9.669525128355295e-10 2780.0743546630597
3.447395097980127e-13 9.608623991557481e-10 2787.2128718832655
3.4170725858039205e-13 9.548481800016136e-10 2794.345616093989
3.3871773597106135e-13 9.489084517857184e-10 2801.4725862090354
3.357701105225408e-13 9.430418451628474e-10 2808.593783690998
3.328635712331792e-13 9.372470239969063e-10 2815.709212409854
3.299973269475586e-13 9.31522684364837e-10 2822.818878508278
3.271706057770486e-13 9.258675535960132e-10 2829.9227902733674
3.243826545397518e-13 9.202803893456438e-10 2837.0209580144706
3.2163273821912033e-13 9.147599787007976e-10 2844.1133939468396
3.189201394405464e-13 9.093051373177267e-10 2851.200112080852
3.1624415796526815e-13 9.039147085892215e-10 2858.281128116507
3.136041102009444e-13 8.985875628407886e-10 2865.3564593429955
3.1099932872829094e-13 8.933225965545005e-10 2872.4261245430685
3.0842916184318977e-13 8.881187316194224e-10 2879.4901439020086
3.05892973113703e-13 8.829749146075528e-10 2886.548538920976
3.0339014095145464e-13 8.778901160742896e-10 2893.6013323345287
3.009200581968547e-13 8.728633298824503e-10 2900.6485480321285
2.9848213171766913e-13 8.678935725489357e-10 2907.690210983438
2.960757820204537e-13 8.629798826131616e-10 2914.7263471672422
2.9370044287439116e-13 8.581213200264168e-10 2921.756983503819
2.913555609470881e-13 8.533169655613476e-10 2928.7821477905995
2.890405954519057e-13 8.485659202408051e-10 2935.801868640976
2.8675501780641667e-13 8.438673047853175e-10 2942.816175426083
2.844983113015913e-13 8.392202590784866e-10 2949.8250982194586
2.8226997078133975e-13 8.3462394164964e-10 2956.8286677444016
2.800695023320419e-13 8.30077529173087e-10 2963.8269153239407
2.7789642298171966e-13 8.255802159833726e-10 2970.819872833268
2.7575026040851276e-13 8.2113121360593e-10 2977.8075726545376
2.736305526581355e-13 8.167297503025692e-10 2984.7900476339096
2.715368478700056e-13 8.123750706312623e-10 2991.767331040741
2.6946870401174274e-13 8.080664350197001e-10 2998.739456528824
2.6742568862175176e-13 8.03803119352125e-10 3005.706458099574
2.654073785596131e-13 7.995844145689635e-10 3012.66837006707
2.6341335976401223e-13 7.954096262787934e-10 3019.625227024886
2.614432270179564e-13 7.912780743822178e-10 3026.5770638145896
2.5949658372102426e-13 7.871890927072057e-10 3033.523915495879
2.5757304166841995e-13 7.831420286555161e-10 3040.4658173182343
2.556722208365949e-13 7.791362428597963e-10 3047.402804694052
2.5379374917522193e-13 7.751711088509946e-10 3054.3349131731693
2.5193726240530834e-13 7.71246012735722e-10 3061.2621784187168
2.50102403823242e-13 7.673603528832217e-10 3068.1846361842563
2.482888241105767e-13 7.635135396216126e-10 3075.102322292114
2.4649618114936364e-13 7.597049949430905e-10 3082.0152726128827
2.4472413984285045e-13 7.559341522177836e-10 3088.9235230460163
2.4297237194136744e-13 7.522004559159605e-10 3095.8271095014734
2.4124055587323454e-13 7.485033613383185e-10 3102.7260678823714
2.395283765805245e-13 7.448423343540736e-10 3109.620434068583
2.3783552535952323e-13 7.412168511465908e-10 3116.5102439012544
2.361616997057388e-13 7.376263979663087e-10 3123.3955331681755
2.3450660316330803e-13 7.340704708907098e-10 3130.276337589993
2.32869945178663e-13 7.305485755911075e-10 3137.152692807199
2.312514409583205e-13 7.27060227106027e-10 3144.024634367872
2.2965081133066055e-13 7.236049496209591e-10 3150.892197716137
2.2806778261157103e-13 7.201822762542855e-10 3157.75541818131
2.2650208647383172e-13 7.167917488491685e-10 3164.61433096768
2.2495345982012472e-13 7.134329177712217e-10 3171.4689711449228
2.2342164465955234e-13 7.101053417117651e-10 3178.3193736390963
2.2190638798755577e-13 7.068085874964952e-10 3185.1655732242016
2.2040744166912754e-13 7.035422298993916e-10 3192.007604514275
2.1892456232521445e-13 7.003058514616974e-10 3198.845501955996
2.1745751122221405e-13 6.970990423158125e-10 3205.6792998217734
2.1600605416446624e-13 6.939214000139425e-10 3212.5090322032975
2.145699613896507e-13 6.907725293613591e-10 3219.334733005535
2.1314900746699928e-13 6.87652042254124e-10 3226.1564359411313
2.1174297119823788e-13 6.845595575211425e-10 3232.9741745252295
2.103516355211743e-13 6.814947007704062e-10 3239.7879820706503
2.0897478741585275e-13 6.784571042393041e-10 3246.597891683447
2.076122178131956e-13 6.754464066488694e-10 3253.4039362587973
2.0626372150606015e-13 6.724622530618504e-10 3260.2061484772203
2.0492909706263431e-13 6.695042947444803e-10 3267.0045608011133
2.0360814674210498e-13 6.665721890318426e-10 3273.7992054715723
2.02300676412528e-13 6.636655991967163e-10 3280.590114505505
2.0100649547083727e-13 6.607841943218043e-10 3287.3773196930006
1.9972541676492655e-13 6.579276491752346e-10 3294.1608525949623
1.9845725651774598e-13 6.550956440892483e-10 3300.940744540978
1.972018342533515e-13 6.522878648419678e-10 3307.7170266274134
1.9595897272485093e-13 6.495040025421651e-10 3314.4897297157395
1.947284978441923e-13 6.467437535169351e-10 3321.2588844310444
1.935102386137388e-13 6.440068192021926e-10 3328.0245211607607
1.923040270595796e-13 6.412929060359079e-10 3334.786670053574
1.911096981665275e-13 6.386017253540046e-10 3341.5453610184945
1.8992708981475215e-13 6.35932993288841e-10 3348.300623724117
1.8875604271800445e-13 6.332864306701999e-10 3355.0524875980254
1.8759640036338487e-13 6.30661762928717e-10 3361.8009818263536
1.864480089526132e-13 6.280587200016769e-10 3368.546135353484
1.8531071734475525e-13 6.254770362411099e-10 3375.2879768818857
1.841843770003669e-13 6.22916450324124e-10 3382.0265348720814
1.830688419270149e-13 6.203767051654092e-10 3388.7618375427223
1.8196396862613484e-13 6.178575478318545e-10 3395.4939128708024
1.808696160411906e-13 6.153587294592143e-10 3402.2227885919474
1.797856455070972e-13 6.128800051707737e-10 3408.9484922008396
1.7871192070087336e-13 6.104211339979509e-10 3415.6710509517106
1.7764830759348802e-13 6.079818788027857e-10 3422.39049185894
1.765946744028694e-13 6.055620062022647e-10 3429.1068416977423
1.7555089154804355e-13 6.031612864944254e-10 3435.820127004917
1.745168316043717e-13 6.007794935862011e-10 3442.5303740796962
1.7349236925985659e-13 5.984164049229486e-10 3449.237608984644
1.7247738127248788e-13 5.960718014196216e-10 3455.941857546639
1.7147174642859931e-13 5.937454673935383e-10 3462.6431453579053
1.704753455022095e-13 5.914371904987069e-10 3469.3414977771163
1.694880612153201e-13 5.891467616616615e-10 3476.036939930541
1.6850977819914548e-13 5.868739750187714e-10 3482.7294967132502
1.6754038295624907e-13 5.846186278549839e-10 3489.4191927903685
1.6657976382356165e-13 5.82380520543961e-10 3496.1060525983703
1.6562781093625928e-13 5.801594564895771e-10 3502.7901003464176
1.64684416192476e-13 5.77955242068736e-10 3509.4713600177383
1.6374947321883165e-13 5.757676865754792e-10 3516.1498553710417
1.6282287733675065e-13 5.73596602166344e-10 3522.8256099419627
1.619045255295541e-13 5.714418038069494e-10 3529.4986470445397
1.6099431641030118e-13 5.693031092197656e-10 3536.1689897727274
1.6009215019036398e-13 5.671803388330472e-10 3542.836661001921
1.5919792864871383e-13 5.650733157308934e-10 3549.5016833905183
1.5831155510190204e-13 5.62981865604409e-10 3556.1640793814995
1.5743293437471704e-13 5.609058167039378e-10 3562.82387120402
1.5656197277150005e-13 5.588449997923419e-10 3569.481080875036
1.5569857804810214e-13 5.567992480992964e-10 3576.135730200931
1.5484265938446744e-13 5.547683972765796e-10 3582.787840779164
1.5399412735782514e-13 5.527522853543312e-10 3589.437433999936
1.5315289391647508e-13 5.507507526982492e-10 3596.0845310478553
1.5231887235415283e-13 5.487636419677124e-10 3602.7291529036247
1.5149197728495863e-13 5.467907980747962e-10 3609.3713203457282
1.5067212461883573e-13 5.448320681441632e-10 3616.011053952132
1.4985923153758525e-13 5.42887301473807e-10 3622.6483741019906
1.4905321647140402e-13 5.409563494966281e-10 3629.283300977346
1.4825399907593107e-13 5.390390657428209e-10 3635.9158545648534
1.474615002097918e-13 5.371353058030513e-10 3642.546054657487
1.4667564191262668e-13 5.352449272924082e-10 3649.1739208562567
1.4589634738359155e-13 5.333677898151061e-10 3655.799472571937
1.4512354096032048e-13 5.315037549299245e-10 3662.4227290267654
1.4435714809833656e-13 5.296526861163641e-10 3669.043709256177
1.435970953509025e-13 5.278144487415022e-10 3675.6624321105037
1.4284331034929811e-13 5.259889100275329e-10 3682.2789162566996
1.4209572178351614e-13 5.241759390199719e-10 3688.893180180032
1.413542593833644e-13 5.223754065565148e-10 3695.505242185802
1.4061885389996593e-13 5.205871852365285e-10 3702.1151204010393
1.3988943708764749e-13 5.188111493911658e-10 3708.7228327761836
1.3916594168620475e-13 5.170471750540812e-10 3715.328397086793
1.3844830140353941e-13 5.152951399327447e-10 3721.9318309352057
1.377364508986544e-13 5.135549233803264e-10 3728.5331517522313
1.3703032576500316e-13 5.118264063681508e-10 3735.132376798805
1.3632986251418118e-13 5.10109471458699e-10 3741.7295231676544
1.3563499855995343e-13 5.084040027791497e-10 3748.32460778495
1.3494567220260984e-13 5.067098859954465e-10 3754.9176474119395
1.3426182261363982e-13 5.050270082868789e-10 3761.508658646592
1.3358338982071951e-13 5.033552583211639e-10 3768.0976579252133
1.329103146930041e-13 5.016945262300194e-10 3774.6846615240665
1.3224253892671826e-13 5.000447035852161e-10 3781.2696855609684
1.315800050310367e-13 4.98405683375097e-10 3787.852745996891
1.3092265631425014e-13 4.967773599815561e-10 3794.433858637536
1.3027043687020797e-13 4.951596291574622e-10 3801.0130391349144
1.2962329156503254e-13 4.935523880045218e-10 3807.590302988908
1.2898116602409855e-13 4.919555349515678e-10 3814.165665548813
1.283440066192713e-13 4.90368969733267e-10 3820.7391420148824
1.2771176045639766e-13 4.887925933692351e-10 3827.3107474398557
1.2708437536304512e-13 4.872263081435527e-10 3833.880496730468
1.2646179987648137e-13 4.85670017584669e-10 3840.448404648961
1.2584398323189092e-13 4.841236264456897e-10 3847.014485814566
1.2523087535082203e-13 4.82587040685037e-10 3853.578754704993
1.2462242682985982e-13 4.810601674474761e-10 3860.1412256578924
1.240185889295193e-13 4.795429150454966e-10 3866.701912872307
1.234193135633546e-13 4.780351929410457e-10 3873.2608304101186
1.2282455328727849e-13 4.765369117276014e-10 3879.8179921974815
1.2223426128908853e-13 4.750479831125812e-10 3886.3734120262343
1.2164839137819442e-13 4.735683199000766e-10 3892.927103555305
2.887710510094065e-12 5.779196272344964e-09 2001.3073513233535
2.8018727504302204e-12 5.608342976066351e-09 2001.640857960164
2.7194341228948655e-12 5.444409547695651e-09 2002.0376672702853
2.6403617150029157e-12 5.287338802152594e-09 2002.505479498954
2.564584093108808e-12 5.136995820949448e-09 2003.0522043526923
2.492003039990312e-12 4.993191244744572e-09 2003.6858561633148
2.422502560689299e-12 4.855699124798928e-09 2004.4144446300556
2.355955721218491e-12 4.724270469272361e-09 2005.2458654991137
2.292229784316556e-12 4.598643417011944e-09 2006.1877951660335
2.2311900170923593e-12 4.478550790419625e-09 2007.247592590065
2.1727024695095823e-12 4.363725625090016e-09 2008.4322111876586
2.116635960039629e-12 4.253905146935577e-09 2009.7481226086381
2.0628634541099647e-12 4.148833564826978e-09 2011.2012535589847
2.0112629804515065e-12 4.04826396487387e-09 2012.7969361644987
1.9617181983430946e-12 3.9519595277930865e-09 2014.5398717975845
1.914118703467238e-12 3.859694240102342e-09 2016.4341078277355
1.868360140261592e-12 3.771253230331838e-09 2018.4830264061504
1.824344173141727e-12 3.686432830728832e-09 2020.6893441495624
1.7819783568646815e-12 3.6050404411433775e-09 2023.0551214360985
1.7411759368661853e-12 3.526894253408026e-09 2025.5817799525898
1.7018556030569621e-12 3.451822880357789e-09 2028.270127123267
1.663941214849097e-12 3.3796649227349187e-09 2031.120386089734
1.6273615107447386e-12 3.3102684988483933e-09 2034.1322299883425
1.5920498123772214e-12 3.243490755436558e-09 2037.3048193720983
1.5579437302310927e-12 3.179197373267991e-09 2040.636841740372
1.5249848762123645e-12 3.117262077265512e-09 2044.1265522632057
1.4931185866607065e-12 3.057566158084733e-09 2047.7718149117975
1.4622936581874144e-12 2.999998009915571e-09 2051.570143328268
1.4324620978055168e-12 2.9444526876435675e-09 2055.518740882826
1.4035788881276248e-12 2.890831485284736e-09 2059.6145394728096
1.3756017678931674e-12 2.8390415366981737e-09 2063.85423671443
1.3484910277101519e-12 2.7889954389114834e-09 2068.234331263906
1.3222093206267754e-12 2.7406108979086603e-09 2072.751156079819
1.2967214869607655e-12 2.6938103963848356e-09 2077.400909503354
1.2719943926901943e-12 2.6485208827335123e-09 2082.179684088107
1.2479967806336146e-12 2.6046734803736102e-09 2087.0834931570926
1.2246991336080186e-12 2.562203216425902e-09 2092.108295102272
1.2020735487409457e-12 2.52104876869576e-09 2097.2500154722743
1.1800936221209142e-12 2.48115222989974e-09 2102.504566917757
1.1587343429925444e-12 2.4424588880784074e-09 2107.867867082043
1.1379719967348927e-12 2.4049170221599567e-09 2113.335854537919
1.117784075900247e-12 2.3684777116733074e-09 2118.904502880639
1.0981491986333709e-12 2.3330946596515542e-09 2124.569833092856
1.0790470338359284e-12 2.2987240278137902e-09 2130.3279243000234
1.060458232486152e-12 2.2653242831632415e-09 2136.174923035286
1.0423643645686076e-12 2.2328560551906188e-09 2142.1070511314992
1.0247478611124037e-12 2.201282002922421e-09 2148.1206123551638
1.0075919608778688e-12 2.1705666911037412e-09 2154.2119978931014
9.908806612711948e-13 2.1406764748533266e-09 2160.3776907978663
9.745986731036165e-13 2.1115793921747933e-09 2166.6142694925425
9.587313788462748e-13 2.0832450637517882e-09 2172.918410429769
9.43264794063926e-13 2.0556445994962945e-09 2179.2868899938835
9.281855317402264e-13 2.0287505113583026e-09 2185.7165857289983
9.134807692344068e-13 2.0025366319414794e-09 2192.2044769697955
8.991382176339653e-13 1.976978038503545e-09 2198.747644945911
8.851460932906027e-13 1.9520509819517276e-09 2205.3432724250288
8.714930913471818e-13 1.9277328204731056e-09 2211.9886429543058
8.58168361082127e-13 1.904001957466917e-09 2218.6811397544675
8.451614829145358e-13 1.880837783471152e-09 2225.418244315975
8.32462446928537e-13 1.858220621799136e-09 2232.197534741955
8.200616327891398e-13 1.8361316776233138e-09 2239.016683878239
8.079497909342378e-13 1.8145529902634314e-09 2245.8734572667586
7.961180249385434e-13 1.7934673884546165e-09 2252.7657109548095
7.845577749552656e-13 1.7728584483878328e-09 2259.691389189176
7.732608021503368e-13 1.7527104543307822e-09 2266.6485220209333
7.622191740520863e-13 1.7330083616517346e-09 2273.6352228438027
7.514252507464982e-13 1.7137377620820017e-09 2280.649685886255
7.408716718547191e-13 1.6948848510650111e-09 2287.690183675114
7.305513442353201e-13 1.676436397051204e-09 2294.7550644862026
7.204574303590543e-13 1.658379712608329e-09 2301.8427497955604
7.105833373085623e-13 1.6407026272262912e-09 2308.9517317429522
7.009227063597171e-13 1.6233934617045498e-09 2316.080570617748
6.914694031050653e-13 1.6064410040181343e-09 2323.2278923758013
6.822175080832666e-13 1.5898344865659088e-09 2330.392386194617
6.7316130788148e-13 1.5735635647116001e-09 2337.5728020729457
6.642952866804123e-13 1.5576182965344833e-09 2344.767948479879
6.556141182142295e-13 1.541989123712536e-09 2351.9766900576005
6.471126581197872e-13 1.526666853466306e-09 2359.1979453811027
6.387859366516319e-13 1.5116426414967469e-09 2366.4306847774824
6.306291517410846e-13 1.496907975854952e-09 2373.673928206752
6.226376623793557e-13 1.4824546616860003e-09 2380.9267432055567
6.148069823061364e-13 1.4682748067930841e-09 2388.1882428946988
6.071327739864865e-13 1.4543608079718059e-09 2395.457584050926
5.996108428600554e-13 1.4407053380678858e-09 2402.733965243079
5.922371318478128e-13 1.4273013337147188e-09 2410.0166250323737
5.850077161024754e-13 1.4141419837101023e-09 2417.304840236309
5.779187979897646e-13 1.4012207179941937e-09 2424.59792425546
5.709667022884686e-13 1.3885311971932433e-09 2431.8952254622336
5.641478715980767e-13 1.3760673026959859e-09 2439.196125650467
5.57458861943467e-13 1.3638231272317431e-09 2446.50003854464
5.508963385667815e-13 1.3517929659212799e-09 2453.806408367354
5.444570718972403e-13 1.3399713077733352e-09 2461.1147084636245
5.381379336901927e-13 1.328352827601473e-09 2468.424439980492
5.319358933272288e-13 1.3169323783375173e-09 2475.735130600381
5.258480142696456e-13 1.3057049837193217e-09 2483.046333326609
5.198714506580076e-13 1.2946658313320384e-09 2490.3576253194215
5.14003444050948e-13 1.2838102659833269e-09 2497.668606780922
5.082413202967403e-13 1.2731337833941735e-09 2504.9788998872527
5.025824865315218e-13 1.2626320241881032e-09 2512.288147766389
4.970244282983846e-13 1.2523007681626346e-09 2519.5960135199352
4.915647067818497e-13 1.2421359288277871e-09 2526.9021792873173
4.862009561525394e-13 1.2321335481973861e-09 2534.206345350789
4.809308810171209e-13 1.222289791819753e-09 2541.508229279708
4.757522539688532e-13 1.2126009440351667e-09 2548.8075651125637
4.706629132343039e-13 1.2030634034482327e-09 2556.10410257527
4.65660760412026e-13 1.1936736786039897e-09 2563.3976063342834
4.607437582991908e-13 1.1844283838572363e-09 2570.6878552831317
4.559099288023712e-13 1.1753242354251663e-09 2577.9746418609984
4.5115735092885936e-13 1.166358047613984e-09 2585.2577714020244
4.464841588550655e-13 1.1575267292106858e-09 2592.5370615140546
4.4188854006872443e-13 1.1488272800317134e-09 2599.8123414855763
4.3736873358177904e-13 1.1402567876206432e-09 2607.0834517196654
4.3292302821096475e-13 1.1318124240875176e-09 2614.350243193767
4.285497609232551e-13 1.1234914430828376e-09 2621.6125769442046
4.2424731524346254e-13 1.1152911768996266e-09 2628.8703235743405
4.2001411972140847e-13 1.1072090336973286e-09 2636.1233627853517
4.1584864645620106e-13 1.0992424948416552e-09 2643.371582928627
4.117494096752681e-13 1.0913891123548143e-09 2650.61488057883
4.0771496436589664e-13 1.0836465064708474e-09 2657.85316012671
4.037439049571388e-13 1.0760123632910974e-09 2665.086333390782
3.9983486405002964e-13 1.0684844325350814e-09 2672.3143192470243
3.9598651119416486e-13 1.0610605253823072e-09 2679.5370432757877
3.921975517087634e-13 1.0537385124007986e-09 2686.754437425147
3.884667255464285e-13 1.0465163215583172e-09 2693.96643968993
3.847928061978966e-13 1.0393919363124845e-09 2701.1729938057406
3.811745996361394e-13 1.0323633937761955e-09 2708.3740489572656
3.776109432982527e-13 1.0254287829549067e-09 2715.569559500241
3.741007051036409e-13 1.01858624305256e-09 2722.759484696429
3.7064278250705817e-13 1.0118339618430548e-09 2729.943788461027
3.67236101585143e-13 1.0051701741043539e-09 2737.1224391219257
3.638796161551285e-13 9.98593160112443e-10 2744.295409190287
3.6057230692447665e-13 9.92101244192509e-10 2751.462675141906
3.573131806702333e-13 9.856927933248328e-10 2758.624217208867
3.54101269446951e-13 9.793662158030103e-10 2765.780019181016
3.509356298220775e-13 9.73119959942241e-10 2772.9300682168055
3.478153421377546e-13 9.669525128355295e-10 2780.0743546630597
3.447395097980127e-13 9.608623991557481e-10 2787.2128718832655
3.4170725858039205e-13 9.548481800016136e-10 2794.345616093989
3.3871773597106135e-13 9.489084517857184e-10 2801.4725862090354
3.357701105225408e-13 9.430418451628474e-10 2808.593783690998
3.328635712331792e-13 9.372470239969063e-10 2815.709212409854
3.299973269475586e-13 9.31522684364837e-10 2822.818878508278
3.271706057770486e-13 9.258675535960132e-10 2829.9227902733674
3.243826545397518e-13 9.202803893456438e-10 2837.0209580144706
3.2163273821912033e-13 9.147599787007976e-10 2844.1133939468396
3.189201394405464e-13 9.093051373177267e-10 2851.200112080852
3.1624415796526815e-13 9.039147085892215e-10 2858.281128116507
3.136041102009444e-13 8.985875628407886e-10 2865.3564593429955
3.1099932872829094e-13 8.933225965545005e-10 2872.4261245430685
3.0842916184318977e-13 8.881187316194224e-10 2879.4901439020086
3.05892973113703e-13 8.829749146075528e-10 2886.548538920976
3.0339014095145464e-13 8.778901160742896e-10 2893.6013323345287
3.009200581968547e-13 8.728633298824503e-10 2900.6485480321285
2.9848213171766913e-13 8.678935725489357e-10 2907.690210983438
2.960757820204537e-13 8.629798826131616e-10 2914.7263471672422
2.9370044287439116e-13 8.581213200264168e-10 2921.756983503819
2.913555609470881e-13 8.533169655613476e-10 2928.7821477905995
2.890405954519057e-13 8.485659202408051e-10 2935.801868640976
2.8675501780641667e-13 8.438673047853175e-10 2942.816175426083
2.844983113015913e-13 8.392202590784866e-10 2949.8250982194586
2.8226997078133975e-13 8.3462394164964e-10 2956.8286677444016
2.800695023320419e-13 8.30077529173087e-10 2963.8269153239407
2.7789642298171966e-13 8.255802159833726e-10 2970.819872833268
2.7575026040851276e-13 8.2113121360593e-10 2977.8075726545376
2.736305526581355e-13 8.167297503025692e-10 2984.7900476339096
2.715368478700056e-13 8.123750706312623e-10 2991.767331040741
2.6946870401174274e-13 8.080664350197001e-10 2998.739456528824
2.6742568862175176e-13 8.03803119352125e-10 3005.706458099574
2.654073785596131e-13 7.995844145689635e-10 3012.66837006707
2.6341335976401223e-13 7.954096262787934e-10 3019.625227024886
2.614432270179564e-13 7.912780743822178e-10 3026.5770638145896
2.5949658372102426e-13 7.871890927072057e-10 3033.523915495879
2.5757304166841995e-13 7.831420286555161e-10 3040.4658173182343
2.556722208365949e-13 7.791362428597963e-10 3047.402804694052
2.5379374917522193e-13 7.751711088509946e-10 3054.3349131731693
2.5193726240530834e-13 7.71246012735722e-10 3061.2621784187168
2.50102403823242e-13 7.673603528832217e-10 3068.1846361842563
2.482888241105767e-13 7.635135396216126e-10 3075.102322292114
2.4649618114936364e-13 7.597049949430905e-10 3082.0152726128827
2.4472413984285045e-13 7.559341522177836e-10 3088.9235230460163
2.4297237194136744e-13 7.522004559159605e-10 3095.8271095014734
2.4124055587323454e-13 7.485033613383185e-10 3102.7260678823714
2.395283765805245e-13 7.448423343540736e-10 3109.620434068583
2.3783552535952323e-13 7.412168511465908e-10 3116.5102439012544
2.361616997057388e-13 7.376263979663087e-10 3123.3955331681755
2.3450660316330803e-13 7.340704708907098e-10 3130.276337589993
2.32869945178663e-13 7.305485755911075e-10 3137.152692807199
2.312514409583205e-13 7.27060227106027e-10 3144.024634367872
2.2965081133066055e-13 7.236049496209591e-10 3150.892197716137
2.2806778261157103e-13 7.201822762542855e-10 3157.75541818131
2.2650208647383172e-13 7.167917488491685e-10 3164.61433096768
2.2495345982012472e-13 7.134329177712217e-10 3171.4689711449228
2.2342164465955234e-13 7.101053417117651e-10 3178.3193736390963
2.2190638798755577e-13 7.068085874964952e-10 3185.1655732242016
2.2040744166912754e-13 7.035422298993916e-10 3192.007604514275
2.1892456232521445e-13 7.003058514616974e-10 3198.845501955996
2.1745751122221405e-13 6.970990423158125e-10 3205.6792998217734
2.1600605416446624e-13 6.939214000139425e-10 3212.5090322032975
2.145699613896507e-13 6.907725293613591e-10 3219.334733005535
2.1314900746699928e-13 6.87652042254124e-10 3226.1564359411313
2.1174297119823788e-13 6.845595575211425e-10 3232.9741745252295
2.103516355211743e-13 6.814947007704062e-10 3239.7879820706503
2.0897478741585275e-13 6.784571042393041e-10 3246.597891683447
2.076122178131956e-13 6.754464066488694e-10 3253.4039362587973
2.0626372150606015e-13 6.724622530618504e-10 3260.2061484772203
2.0492909706263431e-13 6.695042947444803e-10 3267.0045608011133
2.0360814674210498e-13 6.665721890318426e-10 3273.7992054715723
2.02300676412528e-13 6.636655991967163e-10 3280.590114505505
2.0100649547083727e-13 6.607841943218043e-10 3287.3773196930006
1.9972541676492655e-13 6.579276491752346e-10 3294.1608525949623
1.9845725651774598e-13 6.550956440892483e-10 3300.940744540978
1.972018342533515e-13 6.522878648419678e-10 3307.7170266274134
1.9595897272485093e-13 6.495040025421651e-10 3314.4897297157395
1.947284978441923e-13 6.467437535169351e-10 3321.2588844310444
1.935102386137388e-13 6.440068192021926e-10 3328.0245211607607
1.923040270595796e-13 6.412929060359079e-10 3334.786670053574
1.911096981665275e-13 6.386017253540046e-10 3341.5453610184945
1.8992708981475215e-13 6.35932993288841e-10 3348.300623724117
1.8875604271800445e-13 6.332864306701999e-10 3355.0524875980254
1.8759640036338487e-13 6.30661762928717e-10 3361.8009818263536
1.864480089526132e-13 6.280587200016769e-10 3368.546135353484
1.8531071734475525e-13 6.254770362411099e-10 3375.2879768818857
1.841843770003669e-13 6.22916450324124e-10 3382.0265348720814
1.830688419270149e-13 6.203767051654092e-10 3388.7618375427223
1.8196396862613484e-13 6.178575478318545e-10 3395.4939128708024
1.808696160411906e-13 6.153587294592143e-10 3402.2227885919474
1.797856455070972e-13 6.128800051707737e-10 3408.9484922008396
1.7871192070087336e-13 6.104211339979509e-10 3415.6710509517106
1.7764830759348802e-13 6.079818788027857e-10 3422.39049185894
1.765946744028694e-13 6.055620062022647e-10 3429.1068416977423
1.7555089154804355e-13 6.031612864944254e-10 3435.820127004917
1.745168316043717e-13 6.007794935862011e-10 3442.5303740796962
1.7349236925985659e-13 5.984164049229486e-10 3449.237608984644
1.7247738127248788e-13 5.960718014196216e-10 3455.941857546639
1.7147174642859931e-13 5.937454673935383e-10 3462.6431453579053
1.704753455022095e-13 5.914371904987069e-10 3469.3414977771163
1.694880612153201e-13 5.891467616616615e-10 3476.036939930541
1.6850977819914548e-13 5.868739750187714e-10 3482.7294967132502
1.6754038295624907e-13 5.846186278549839e-10 3489.4191927903685
1.6657976382356165e-13 5.82380520543961e-10 3496.1060525983703
1.6562781093625928e-13 5.801594564895771e-10 3502.7901003464176
1.64684416192476e-13 5.77955242068736e-10 3509.4713600177383
1.6374947321883165e-13 5.757676865754792e-10 3516.1498553710417
1.6282287733675065e-13 5.73596602166344e-10 3522.8256099419627
1.619045255295541e-13 5.714418038069494e-10 3529.4986470445397
1.6099431641030118e-13 5.693031092197656e-10 3536.1689897727274
1.6009215019036398e-13 5.671803388330472e-10 3542.836661001921
1.5919792864871383e-13 5.650733157308934e-10 3549.5016833905183
1.5831155510190204e-13 5.62981865604409e-10 3556.1640793814995
1.5743293437471704e-13 5.609058167039378e-10 3562.82387120402
1.5656197277150005e-13 5.588449997923419e-10 3569.481080875036
1.5569857804810214e-13 5.567992480992964e-10 3576.135730200931
1.5484265938446744e-13 5.547683972765796e-10 3582.787840779164
1.5399412735782514e-13 5.527522853543312e-10 3589.437433999936
1.5315289391647508e-13 5.507507526982492e-10 3596.0845310478553
1.5231887235415283e-13 5.487636419677124e-10 3602.7291529036247
1.5149197728495863e-13 5.467907980747962e-10 3609.3713203457282
1.5067212461883573e-13 5.448320681441632e-10 3616.011053952132
1.4985923153758525e-13 5.42887301473807e-10 3622.6483741019906
1.4905321647140402e-13 5.409563494966281e-10 3629.283300977346
1.4825399907593107e-13 5.390390657428209e-10 3635.9158545648534
1.474615002097918e-13 5.371353058030513e-10 3642.546054657487
1.4667564191262668e-13 5.352449272924082e-10 3649.1739208562567
1.4589634738359155e-13 5.333677898151061e-10 3655.799472571937
1.4512354096032048e-13 5.315037549299245e-10 3662.4227290267654
1.4435714809833656e-13 5.296526861163641e-10 3669.043709256177
1.435970953509025e-13 5.278144487415022e-10 3675.6624321105037
1.4284331034929811e-13 5.259889100275329e-10 3682.2789162566996
1.4209572178351614e-13 5.241759390199719e-10 3688.893180180032
1.413542593833644e-13 5.223754065565148e-10 3695.505242185802
1.4061885389996593e-13 5.205871852365285e-10 3702.1151204010393
1.3988943708764749e-13 5.188111493911658e-10 3708.7228327761836
1.3916594168620475e-13 5.170471750540812e-10 3715.328397086793
1.3844830140353941e-13 5.152951399327447e-10 3721.9318309352057
1.377364508986544e-13 5.135549233803264e-10 3728.5331517522313
1.3703032576500316e-13 5.118264063681508e-10 3735.132376798805
1.3632986251418118e-13 5.10109471458699e-10 3741.7295231676544
1.3563499855995343e-13 5.084040027791497e-10 3748.32460778495
1.3494567220260984e-13 5.067098859954465e-10 3754.9176474119395
1.3426182261363982e-13 5.050270082868789e-10 3761.508658646592
1.3358338982071951e-13 5.033552583211639e-10 3768.0976579252133
1.329103146930041e-13 5.016945262300194e-10 3774.6846615240665
1.3224253892671826e-13 5.000447035852161e-10 3781.2696855609684
1.315800050310367e-13 4.98405683375097e-10 3787.852745996891
1.3092265631425014e-13 4.967773599815561e-10 3794.433858637536
1.3027043687020797e-13 4.951596291574622e-10 3801.0130391349144
1.2962329156503254e-13 4.935523880045218e-10 3807.590302988908
1.2898116602409855e-13 4.919555349515678e-10 3814.165665548813
1.283440066192713e-13 4.90368969733267e-10 3820.7391420148824
1.2771176045639766e-13 4.887925933692351e-10 3827.3107474398557
1.2708437536304512e-13 4.872263081435527e-10 3833.880496730468
1.2646179987648137e-13 4.85670017584669e-10 3840.448404648961
1.2584398323189092e-13 4.841236264456897e-10 3847.014485814566
1.2523087535082203e-13 4.82587040685037e-10 3853.578754704993
1.2462242682985982e-13 4.810601674474761e-10 3860.1412256578924
1.240185889295193e-13 4.795429150454966e-10 3866.701912872307
1.234193135633546e-13 4.780351929410457e-10 3873.2608304101186
1.2282455328727849e-13 4.765369117276014e-10 3879.8179921974815
1.2223426128908853e-13 4.750479831125812e-10 3886.3734120262343
1.2164839137819442e-13 4.735683199000766e-10 3892.927103555305
